"","Tree_ID","best_iteration","quality_0","quality_1","quality_2","quality_3","quality_4","quality_5","quality_6","quality_7","quality_8","quality_9","times_outlier_0","times_outlier_1","times_outlier_2","times_outlier_3","times_outlier_4","times_outlier_5","times_outlier_6","times_outlier_7","times_outlier_8","times_outlier_9"
"1","10",1,1.072507441329,1.62465708057811,NA,NA,NA,NA,NA,NA,1,NA,0,0,1,9,4,7,3,7,0,2
"2","1008",4,1.25518451311116,1.40399440220187,1.70830087153095,NA,1.96436505559224,1.84086381650807,NA,0.58055023347565,NA,NA,0,0,0,12,0,0,5,0,2,6
"3","1009a",2,NA,NA,3,NA,NA,NA,NA,0,NA,NA,1,1,0,4,3,5,2,0,2,1
"4","1009b",0,3,0,NA,NA,NA,NA,NA,NA,NA,NA,0,0,1,1,4,1,1,1,1,1
"5","1014",0,2,NA,NA,NA,NA,NA,NA,1,NA,NA,0,1,1,1,6,2,14,0,2,5
"6","1016",8,NA,NA,1.76075241289194,NA,NA,0.264256037213983,NA,NA,2.30963267755265,NA,3,5,0,4,2,0,1,2,0,2
"7","1019",3,NA,NA,NA,2,NA,NA,NA,NA,NA,1,1,2,1,0,3,2,1,8,5,0
"8","1035a",7,NA,NA,NA,NA,NA,1,NA,2,NA,NA,1,2,1,3,7,0,1,0,1,7
"9","1035b",2,NA,1.48824654236626,2.16702802438537,NA,NA,1.6413746285301,0.433098417866526,1.1741293814194,NA,NA,3,0,0,1,4,0,0,0,1,5
"10","104",9,NA,NA,NA,1.4235143060365,NA,NA,1.24216359342383,NA,1,2.48815566134077,8,3,1,0,1,5,0,3,0,0
"11","1043",3,1.63592172459256,NA,NA,2.1743211998264,NA,NA,1.37294093967463,NA,1.96923932127613,1.61198153976496,0,1,2,0,1,1,0,5,0,0
"12","1045",8,1,1.76961230825543,NA,NA,NA,NA,NA,NA,2.26461411364514,NA,0,0,3,2,3,1,2,3,0,3
"13","1055",2,0.884469360180393,NA,2.13686973118729,0.102159208654662,1.56386708065768,NA,NA,NA,2.10304183013612,NA,0,7,0,0,0,4,3,1,0,4
"14","1074",5,NA,NA,NA,NA,NA,3,NA,NA,NA,0,5,3,5,2,3,1,3,6,5,1
"15","1075a",8,NA,NA,NA,NA,NA,NA,NA,NA,0,NA,2,3,4,4,5,1,1,2,0,2
"16","1075b",5,NA,NA,NA,NA,NA,3,NA,NA,NA,0,10,3,2,6,3,0,5,3,4,0
"17","1080",2,NA,1,2,NA,NA,NA,NA,NA,NA,NA,2,1,1,5,4,3,10,6,2,3
"18","1081",6,NA,1.94146644275829,1.04033994813831,2,NA,2.00951913034866,2.14543865642155,NA,1.37966036817238,NA,1,0,0,0,18,0,0,2,0,8
"19","1087a",1,NA,2.61613461607168,NA,2.01175546354896,1.83741400492275,NA,NA,NA,NA,0,1,0,2,0,0,5,1,2,1,0
"20","1087b",0,2.50159209157941,NA,NA,0.304798429298477,2.20146421657213,NA,NA,1.66497896159237,NA,NA,0,8,2,0,0,3,1,0,4,6
"21","1089",8,NA,NA,NA,NA,1.67837615672687,NA,NA,1.33980825937377,2,NA,1,11,9,1,0,1,2,0,0,3
"22","1090",8,NA,NA,NA,NA,NA,NA,NA,NA,0,NA,2,2,1,2,12,1,1,1,0,6
"23","1093",8,NA,NA,NA,NA,NA,1.22500567806489,1.24366357615067,NA,2,NA,4,7,3,1,9,0,0,1,0,1
"24","1101",0,2,NA,NA,NA,NA,1,NA,NA,NA,NA,0,1,2,1,1,0,1,2,2,7
"25","1107",3,NA,NA,NA,3,NA,NA,NA,0,NA,NA,2,3,2,0,1,4,8,0,2,4
"26","1108",5,1.03781305755757,NA,NA,NA,NA,2,NA,1,NA,NA,0,10,5,2,1,0,1,0,6,9
"27","1109",9,NA,0.868053812214506,NA,NA,NA,NA,1,NA,1.56230534720906,2.27528503115296,1,0,2,1,1,2,0,2,0,0
"28","1111",0,1.99763125690983,1.44126839138107,NA,NA,1.15332649873824,1.56781448295804,1.17114772772953,1.36159734816509,NA,1.14101206546336,0,0,1,5,0,0,0,0,12,0
"29","1116",1,NA,3,NA,NA,0,NA,NA,NA,NA,NA,1,0,2,3,0,1,1,6,1,1
"30","1118",5,1.30735329814637,1.64130760383452,NA,NA,NA,1.79501404137484,1.73099428070888,1.508536936442,NA,0.712412043443539,0,0,4,2,1,0,0,0,2,0
"31","1119",2,NA,NA,2.305177102795,NA,2,1.41252601870704,NA,NA,NA,0.648307954952802,2,1,0,5,0,0,3,4,5,0
"32","1121",3,NA,NA,1,2,NA,NA,NA,NA,NA,NA,6,4,0,0,1,4,12,1,4,1
"33","1129",7,NA,NA,NA,NA,NA,NA,1,2,NA,NA,1,3,1,1,1,1,0,0,8,1
"34","1135b",9,NA,NA,NA,NA,NA,NA,NA,NA,NA,0,1,4,4,3,1,1,1,2,4,0
"35","1147",9,NA,NA,NA,NA,NA,NA,NA,1,NA,2,2,7,13,1,5,2,7,0,1,0
"36","1179",2,NA,1.40648950067691,2.64291777091946,NA,NA,NA,NA,1.15266201775401,0.33650496932264,NA,11,0,0,3,1,1,1,0,0,2
"37","118",9,NA,1.14537922626483,NA,0.919982290288957,NA,NA,1,NA,NA,2.22360756795071,6,0,2,0,5,5,0,2,4,0
"38","1183",9,NA,NA,NA,1,NA,NA,NA,NA,NA,2,1,1,1,0,10,1,1,2,5,0
"39","119",2,NA,NA,0,NA,NA,NA,NA,NA,NA,NA,1,3,0,10,3,2,2,5,1,2
"40","1191",8,NA,NA,NA,NA,NA,NA,NA,NA,0,NA,2,2,5,11,2,1,3,3,0,2
"41","1195a",9,NA,NA,NA,NA,1,NA,NA,NA,NA,2,3,1,3,3,0,5,4,2,2,0
"42","1195b",3,NA,NA,NA,2.00900720886618,0.554833897140591,NA,2,NA,NA,1.51507182691988,2,5,8,0,0,4,0,4,8,0
"43","1195c",4,NA,0.496485730826927,NA,1.29699362375895,2.42006497925943,NA,NA,NA,1.6272187220588,1.00233517605944,3,0,2,0,0,2,4,1,0,0
"44","12",5,NA,NA,NA,NA,NA,2,1,NA,NA,NA,1,3,11,1,4,0,0,2,2,1
"45","1209",5,NA,NA,NA,0.959723451672652,1.97553701819514,2,1.84545862774409,NA,NA,0.577901324501084,1,1,1,0,0,0,0,5,3,0
"46","1210a",6,NA,NA,0.887748920325549,NA,NA,NA,1.74706490965374,1.14979192695142,NA,1.45101762840886,1,1,0,5,3,2,0,0,2,0
"47","1210b",0,3,NA,NA,NA,NA,NA,NA,NA,NA,0,0,1,5,11,1,1,2,2,6,0
"48","1225",0,3,NA,NA,NA,1.14019192436138,NA,NA,NA,0.602105189006263,NA,0,1,3,5,0,4,7,17,0,1
"49","122a",5,1.80547622594334,NA,NA,NA,NA,2.5036470130793,NA,NA,NA,0.510156415578768,0,1,1,6,1,0,1,1,2,0
"50","122b",8,1.86973047545481,NA,NA,0.629173788139887,2,0.970576909099537,NA,NA,2.27144371648317,NA,1,2,3,1,1,1,7,5,1,3
"51","122c",9,NA,NA,1.97410189497361,NA,NA,NA,1.15440485240458,NA,NA,2,7,1,0,8,3,1,0,1,6,0
"52","122d",0,2.4108249818791,1,1.85499654536608,NA,NA,0.714356765814944,NA,1.99377317396277,NA,NA,0,0,0,3,1,0,5,0,7,2
"53","122e",4,1.67102521856337,1.67559518788507,NA,NA,2.83758326411495,NA,NA,0.713797989116129,NA,NA,0,0,8,5,0,6,6,0,1,1
"54","122f",0,2.46728303553939,0.190221712298558,NA,1.47872204371145,1.01009906745633,NA,NA,NA,NA,NA,0,0,5,0,0,1,4,2,1,2
"55","122h",9,NA,NA,1.50153815229589,0.842414363612058,NA,2.03151600773661,NA,NA,NA,2.98915159950682,5,2,0,0,1,0,1,1,8,0
"56","122i",7,NA,1.13989771273269,NA,1.52434770847112,NA,NA,NA,2.85523735650909,1.82145758528811,NA,7,0,1,0,2,2,2,0,0,2
"57","1236",4,NA,NA,NA,1.02947218488903,2.50637684500068,1.68356139926724,NA,NA,1.83055323680785,NA,1,3,3,0,0,0,3,2,0,1
"58","1240",7,NA,1.41830037934707,NA,NA,NA,NA,NA,2,NA,1.6026178669117,4,0,2,1,2,2,3,0,1,0
"59","1242",4,NA,NA,NA,0.0920171564742895,2.47058068145674,NA,1.17484455814985,NA,NA,NA,2,1,1,0,0,4,0,8,3,12
"60","1252",3,NA,2.02653381839376,NA,2.9242458039022,0,NA,NA,NA,NA,NA,2,0,4,0,0,3,1,23,2,5
"61","1254",7,NA,NA,NA,NA,1.45761157067842,NA,1.33524760216047,2.56386933222871,1.16447034800761,NA,4,6,1,2,0,2,0,0,0,2
"62","1255",1,NA,0,NA,NA,NA,NA,NA,NA,NA,NA,2,0,1,2,6,2,1,1,2,2
"63","1268a",9,NA,NA,NA,NA,NA,NA,NA,NA,NA,0,1,2,1,2,11,5,5,7,5,0
"64","1268b",0,2.00830923877055,1.61562489870161,NA,1.71242116599354,NA,NA,NA,1.8510180701745,0,NA,0,0,6,0,1,4,3,0,0,4
"65","1271",8,NA,NA,NA,NA,NA,NA,NA,NA,0,NA,1,1,2,2,2,7,2,7,0,1
"66","1275",6,NA,1.77756811360184,NA,NA,NA,NA,2.08421665493477,NA,2,0.503213521926386,3,0,5,7,6,2,0,8,0,0
"67","1278a",5,NA,NA,NA,NA,NA,0,NA,NA,NA,NA,3,2,1,1,1,0,4,3,2,1
"68","1278b",8,0.425347707320554,NA,1,NA,NA,NA,1.85846484056268,NA,2.24555484740008,NA,0,5,0,1,3,3,0,2,0,12
"69","1296",8,NA,NA,NA,NA,NA,NA,NA,NA,0,NA,3,1,3,11,2,2,2,1,0,2
"70","130",8,NA,NA,NA,NA,1,NA,NA,NA,2,NA,2,3,2,4,1,2,3,2,1,5
"71","1302",4,1.5502011697354,0.95543547773479,NA,NA,2,NA,1.89492936454257,NA,NA,NA,0,0,3,1,0,12,0,8,1,1
"72","1303",6,NA,NA,NA,NA,1,NA,2,NA,NA,NA,1,18,4,7,0,1,0,11,3,2
"73","1312",6,0.695192006133544,2.11017158723467,1.37822960133732,NA,1.80538082778046,NA,2.32721954770755,NA,0.459197383228206,NA,0,0,0,2,0,5,0,5,0,1
"74","1314",0,2.68008176051931,NA,0.510855848589501,1.9311811926744,NA,NA,NA,1.95329791115745,NA,NA,0,3,0,0,1,2,1,0,1,1
"75","1317",0,2,NA,NA,NA,NA,1,NA,NA,NA,NA,0,1,2,2,1,0,5,2,1,2
"76","1324",4,NA,NA,1,2,2.43222835186727,NA,NA,1.52792684030068,NA,NA,1,2,0,0,0,6,3,0,2,2
"77","1328",5,NA,NA,NA,NA,NA,0,NA,NA,NA,NA,2,2,7,2,5,1,10,6,4,2
"78","1339",8,NA,1,NA,NA,NA,NA,NA,NA,2,NA,1,0,1,1,6,7,1,2,0,1
"79","134",7,NA,NA,NA,NA,NA,NA,NA,0,NA,NA,4,5,1,1,7,2,7,0,1,5
"80","1344",7,1.51906927684656,1,NA,NA,NA,NA,0.890166884506743,1.75166287529841,NA,NA,0,0,1,1,1,2,0,0,7,2
"81","135",9,NA,NA,NA,NA,1.01773631537214,1.59305598012325,NA,NA,NA,2,1,1,1,2,0,0,1,4,7,0
"82","1356",8,NA,2.18305538272331,NA,1.55078014236852,0.721727370509794,NA,0.767382846456142,NA,2.61188564964865,NA,1,0,1,0,0,15,0,4,0,4
"83","1359",9,0,NA,NA,NA,NA,NA,NA,NA,NA,3,0,1,1,2,1,1,2,1,4,0
"84","1361",6,0,NA,NA,NA,NA,NA,3,NA,NA,NA,0,2,3,3,5,1,0,2,4,1
"85","1364",7,NA,NA,NA,NA,1,NA,NA,2,NA,NA,2,1,1,7,0,2,1,0,2,1
"86","1366",8,NA,NA,NA,NA,NA,NA,NA,1.67320839349236,2,1,1,4,3,4,3,1,6,0,0,0
"87","137",8,1.14629116405826,NA,NA,2.03464800772308,NA,NA,0,2.32696649683427,2.52344060917055,1.38211797484159,1,16,3,1,2,2,1,1,1,1
"88","1370",8,NA,NA,2.54270330821333,NA,NA,NA,0.357132555937268,NA,2.67107483868766,0.696248955143213,1,11,0,5,1,1,0,9,0,0
"89","1377a",8,NA,NA,1,NA,NA,NA,NA,NA,2,NA,3,10,0,1,4,1,2,1,0,2
"90","1377b",9,1.70708304238113,NA,NA,NA,NA,0.0748436147929762,1.48921711614924,NA,NA,2.64938905596441,0,4,1,7,1,0,0,5,1,0
"91","1384",4,1.52751553881096,0.242264311053207,NA,NA,1.74574283418143,1.45650810019942,NA,NA,NA,NA,0,0,12,4,0,0,2,7,6,7
"92","138a",2,NA,NA,2,1,NA,NA,NA,NA,NA,NA,2,8,0,0,4,1,2,2,1,1
"93","138b",5,1.64374504876815,0.0667887264740282,NA,1.74053766456705,NA,2.36320130345855,NA,NA,NA,NA,0,0,6,0,6,0,4,2,4,2
"94","1390a",6,NA,NA,1.18776326987851,NA,NA,NA,1.83381472608099,NA,1.44434678281752,NA,2,1,0,6,3,4,0,6,0,5
"95","1390b",2,NA,NA,2.18342815283654,NA,NA,NA,1,0.846385921071588,NA,NA,6,3,0,11,10,3,0,0,1,3
"96","1391",7,NA,0.432087316688605,NA,2,NA,0.383050935315141,NA,2.06318671768725,1.17405937812697,NA,5,0,3,0,1,0,2,0,0,1
"97","1393",4,0,NA,NA,NA,3,NA,NA,NA,NA,NA,0,9,1,5,0,3,1,1,1,1
"98","1395",9,NA,NA,NA,NA,NA,1.57961297386701,1.16412562406173,NA,NA,2,3,6,1,1,1,0,0,4,2,0
"99","1399",8,NA,0.554046068659236,NA,NA,NA,NA,NA,1.73639409358648,2.02558333625424,2,8,0,5,4,2,1,1,0,0,0
"100","139a",3,NA,1.27079442556592,2.75045473632368,2.96607669772758,NA,NA,0.385466371914241,NA,2.00118579314477,0.901531484049957,3,0,0,0,2,3,0,2,0,0
"101","139b",7,NA,NA,NA,1,NA,NA,NA,2,NA,NA,1,1,2,0,3,1,2,0,7,1
"102","1407",2,NA,0.755869085640495,1.88347079072251,NA,NA,NA,1.68795681418229,1.09547465113359,NA,NA,4,0,0,1,2,2,0,0,5,2
"103","1412",6,NA,NA,NA,NA,NA,0,3,NA,NA,NA,1,1,1,1,5,0,0,1,1,5
"104","1417",8,0.860072428641449,NA,NA,NA,2.58818460840008,NA,1.50055493163906,NA,2.65515064363403,1.5323708710279,0,8,1,2,0,1,0,7,0,0
"105","1423",4,NA,0.0771743024610722,0.476163742986686,NA,1.90275350580226,1.89919288874796,NA,1.25803896077845,NA,NA,2,0,0,2,0,0,20,0,8,2
"106","1427",2,NA,0.947095982739811,2.39600144751709,NA,0.834600294865012,NA,NA,1.66591388789329,2.21230729036789,NA,6,0,0,1,0,3,2,0,0,1
"107","1428",7,NA,NA,NA,NA,NA,NA,NA,0,NA,NA,1,1,1,15,1,4,5,0,2,7
"108","1436a",7,NA,1.92286335494292,NA,1.69568138002293,NA,NA,NA,2.02811828637138,1,NA,1,0,1,0,3,4,11,0,0,2
"109","1436b",8,NA,NA,NA,NA,1,NA,NA,NA,2,NA,1,2,3,4,0,10,1,1,0,3
"110","1438a",0,1.85951642345059,1.6201090010073,NA,NA,NA,1.25149470111961,NA,NA,1.00813529015138,NA,0,0,3,2,1,0,11,3,0,1
"111","1438b",4,NA,NA,NA,1,2,NA,NA,NA,NA,NA,3,1,1,0,0,6,1,2,2,5
"112","1448",5,NA,NA,NA,NA,NA,0,NA,NA,NA,NA,14,4,1,1,12,0,2,4,8,1
"113","145a",8,NA,NA,NA,NA,NA,NA,1,NA,2,NA,4,1,2,6,1,2,0,1,0,4
"114","145c",8,NA,NA,2.06248546390525,NA,NA,NA,1,NA,2.24742213281103,1.33799681181481,2,2,0,8,2,1,0,2,0,0
"115","145e",7,1.62794767713984,NA,NA,0.352934375364095,NA,NA,NA,2.38578052180263,NA,NA,0,2,4,0,8,4,4,0,1,1
"116","1466",2,NA,NA,2.34899115107733,NA,NA,0.556558763446299,NA,NA,2,NA,17,5,0,9,1,0,1,1,0,1
"117","1471",0,3,NA,0,NA,NA,NA,NA,NA,NA,NA,0,1,0,1,3,23,1,1,1,4
"118","1475",1,1.83524413508514,2.72402366523103,0.279589824125872,1.44350198619209,2.1369599072585,NA,NA,NA,NA,NA,0,0,0,0,0,1,7,1,11,10
"119","1476",5,NA,NA,1.27133792107754,1.39276291635977,NA,2.04620613723459,NA,NA,0.626377286535019,NA,5,1,0,0,1,0,5,14,0,2
"120","1480a",1,1.27620949187922,2.38570899388674,1.61619612611105,1,0.824111642713266,1.90855364165554,2.24944142632835,NA,NA,NA,0,0,0,0,0,0,0,7,4,5
"121","1480b",4,NA,0.649519471809388,NA,NA,3,NA,0.725559449320847,NA,NA,NA,3,0,6,1,0,6,0,1,2,1
"122","1480c",8,NA,NA,NA,NA,NA,NA,NA,NA,0,NA,2,1,7,1,1,2,1,1,0,1
"123","1480d",1,NA,2,NA,NA,0.97729375386684,1.20307231702774,0.819246966474106,NA,NA,NA,2,0,1,1,0,0,0,2,1,5
"124","1482",1,NA,2,NA,NA,1,NA,NA,NA,NA,NA,3,0,6,1,0,1,3,4,1,1
"125","1484",9,NA,NA,1.54008201847043,2.0414571995447,0.183734165381593,1.42089859984926,NA,NA,1.77677906529753,2.0670088028171,1,7,0,0,0,0,3,3,0,0
"126","149",3,NA,NA,NA,0,NA,NA,NA,NA,NA,NA,2,17,2,0,2,1,1,3,14,1
"127","1495",2,NA,NA,2.46466315864242,NA,NA,0.539023979100354,NA,NA,NA,1,1,1,0,4,3,0,1,1,1,0
"128","1496",3,0.956640711325584,NA,0.315809480786812,3,NA,NA,NA,NA,1.29683687201404,NA,0,2,0,0,5,1,1,1,0,1
"129","1501a",3,NA,NA,NA,2.82536910037996,NA,NA,0,1.60104708174217,NA,NA,1,1,1,0,5,1,0,0,2,3
"130","1501b",5,1.62252502521706,1.81062966890748,NA,NA,1,2.16240902864033,1.54048942527085,NA,NA,0.96007580826387,0,0,9,19,0,0,0,1,2,0
"131","1505",1,1,2,NA,NA,NA,NA,NA,NA,NA,NA,0,0,1,2,3,15,3,2,2,1
"132","1513a",7,1.71960793131475,NA,NA,0.736613203876135,2.08628053876333,0.952979752876528,NA,2.81196205872013,1.82908442655649,NA,0,5,6,0,0,0,2,0,0,12
"133","1513b",3,1.51083192036334,0.450391575971281,NA,2.08947203649091,NA,NA,NA,NA,0.113310172240813,NA,0,0,1,0,3,1,2,1,0,1
"134","1514",0,2.17465566937737,1.34051123861953,1.5699416812019,1.8268891975288,NA,NA,NA,1.84225216256932,NA,0.309444716902827,0,0,0,0,5,1,2,0,11,0
"135","1517",3,NA,0.390777213323603,NA,3,NA,NA,NA,1.22991389520611,NA,NA,1,0,5,0,7,1,1,0,2,6
"136","1520",5,1.89955701098546,NA,NA,1.23039059509723,2.05335259480459,2.17346525617284,NA,1.88741514394545,1.44630182112737,NA,0,7,1,0,0,0,3,0,0,2
"137","1532a",5,NA,NA,1.74507206893912,NA,NA,2.67461781776215,2.48140102105405,0,NA,NA,2,8,1,4,5,1,1,1,3,6
"138","1532b",5,NA,2,1,NA,NA,2.04150339243417,NA,NA,NA,NA,2,0,0,1,1,0,1,7,4,1
"139","1535",3,NA,NA,1.40180688997699,2.56558723065495,1,NA,NA,NA,NA,NA,1,1,0,0,0,1,2,4,5,2
"140","154",9,NA,NA,NA,0,NA,NA,2.03784461842244,NA,NA,3,1,3,1,0,9,1,0,4,7,0
"141","1544",4,NA,1.48044990819483,NA,NA,2.21047412476773,1,1.46801552152982,NA,NA,1.25806317403131,2,0,2,2,0,0,0,1,6,0
"142","1551",1,NA,2,NA,NA,NA,NA,1,NA,NA,NA,13,0,1,4,2,2,0,2,1,3
"143","1558",3,NA,NA,NA,2,NA,NA,1.56753559366382,NA,NA,0.868904047908563,4,4,5,0,1,1,0,1,3,0
"144","156",9,NA,NA,NA,NA,1.25333510718693,1.25681960137424,NA,NA,NA,2,5,2,4,4,0,0,1,1,1,0
"145","1567",9,NA,NA,NA,NA,NA,NA,NA,NA,NA,0,1,4,5,1,7,2,2,3,1,0
"146","1570a",8,NA,NA,NA,NA,NA,NA,NA,NA,0,NA,2,1,1,2,2,8,3,2,0,3
"147","1570b",3,NA,NA,NA,0,NA,NA,NA,NA,NA,NA,1,1,5,0,1,5,20,9,11,1
"148","1575",9,NA,NA,NA,NA,NA,NA,NA,NA,NA,0,2,1,9,3,1,3,6,3,6,0
"149","1576",0,2.09988670834668,1.01910171562503,NA,NA,1.86683858718724,1.88913969116289,NA,1.52963095753611,1.64403981365694,0.877636855570759,0,0,2,3,0,0,1,0,0,0
"150","158",7,NA,1,NA,NA,NA,2,NA,2.31912211668451,NA,NA,1,0,4,3,1,0,1,0,2,4
"151","1581a",4,NA,NA,0,2.19685399250826,2.95441896971229,2.3008232561654,NA,NA,NA,NA,9,1,0,0,0,0,1,1,1,6
"152","1581b",5,NA,NA,NA,NA,NA,2,NA,0.364307064685054,1.9996564751323,NA,3,2,1,1,9,0,2,0,0,3
"153","1587",5,NA,NA,NA,NA,NA,2,1,NA,NA,NA,2,2,4,1,2,0,0,1,3,2
"154","1593a",3,NA,NA,NA,2,1,NA,NA,NA,NA,NA,1,4,2,0,0,3,2,1,2,3
"155","1593c",7,1,1.82446759253658,NA,NA,NA,NA,NA,1.99688427109357,NA,NA,0,0,4,3,2,2,2,0,2,3
"156","1593d",3,NA,NA,NA,2.83884498325572,NA,NA,0.142242493410512,NA,1.08749120510026,NA,16,6,1,0,2,1,0,1,0,1
"157","1596",7,NA,NA,NA,NA,NA,0.644086232754045,NA,2.02754445801255,1.49416291432567,NA,2,4,1,2,1,0,10,0,0,4
"158","1604",2,NA,NA,2,NA,NA,NA,1,NA,NA,NA,11,4,0,7,2,4,0,2,1,2
"159","1610",4,NA,1.85484604480804,NA,NA,2.46310375120704,2.04351020468484,1.75026383638164,NA,NA,0.818449196636961,1,0,3,2,0,0,0,1,10,0
"160","162",3,NA,0.294889038768552,NA,2.53539884482078,NA,NA,1.87261088840061,NA,NA,NA,5,0,1,0,1,1,0,8,2,4
"161","1623",0,0,NA,NA,NA,NA,NA,NA,NA,NA,NA,0,1,1,2,1,1,5,2,2,1
"162","1625",1,NA,2.34014746480212,NA,NA,NA,1.83844516997816,NA,1.39735771925,NA,0.210985226000406,2,0,2,1,5,0,2,0,2,0
"163","163",2,NA,NA,0,NA,NA,NA,NA,NA,NA,NA,5,5,0,1,10,6,4,1,3,2
"164","1638",7,NA,1.35350711265806,NA,0,NA,NA,NA,2.1351608009209,NA,NA,3,0,4,0,1,1,11,0,1,4
"165","1657a",2,0.53287005720098,NA,2,1.19914131151957,NA,NA,1.73890278990202,NA,NA,NA,0,1,0,0,5,1,0,3,3,5
"166","1657b",4,NA,NA,NA,NA,2,NA,NA,NA,1.3014445169645,1.23467211704904,6,2,4,6,0,4,10,3,0,0
"167","1661",9,NA,NA,NA,NA,0.288681825721117,0.90040579785588,1.4983496752225,1.8502250651685,NA,2.28623284768116,1,3,1,3,0,0,0,0,5,0
"168","1670",8,NA,NA,1,NA,NA,NA,NA,NA,2,NA,1,4,0,4,4,1,9,4,0,2
"169","1679a",4,NA,1.72090145177776,1.12289850409571,NA,1.99934304618054,NA,1.91503820227055,NA,NA,NA,1,0,0,1,0,4,0,3,1,2
"170","1679b",5,NA,1.14119420955099,1.83125442680879,0.959336791443819,NA,2,NA,NA,NA,NA,9,0,0,0,1,0,6,1,6,1
"171","1685",6,NA,NA,NA,NA,NA,NA,2,1,NA,NA,1,3,1,1,1,1,0,0,1,4
"172","1708",2,NA,NA,2,1,NA,NA,NA,NA,NA,NA,2,2,0,0,5,3,2,3,2,1
"173","1713",3,NA,1.93410502816885,NA,1.96867942218598,NA,NA,NA,1,NA,NA,1,0,8,0,3,4,1,0,1,4
"174","1720",2,NA,NA,2.34592989168037,1.08749005130897,NA,NA,1.38564407354343,1,NA,NA,1,2,0,0,1,1,0,0,1,3
"175","1730",4,NA,NA,1,NA,2,NA,NA,NA,NA,NA,4,3,0,1,0,1,1,2,3,3
"176","1731",8,1.52531739791325,NA,NA,0.748623226305887,0.862161479416949,NA,NA,1.67426770656027,2.08508639436828,1.56827075987391,0,2,10,0,0,7,1,0,0,0
"177","1745a",1,1.45864765222352,2,NA,NA,NA,NA,0.648130918994627,NA,1.10023418790819,NA,0,0,1,1,3,2,0,20,0,10
"178","1745b",8,NA,NA,1.30627965442864,NA,NA,1.60720986797999,1,NA,1.72014274327134,NA,2,1,0,1,7,0,0,1,0,1
"179","1747",2,NA,NA,2,1.22633474123639,1.53507578551374,1.2304145881014,NA,NA,NA,0.359166783806477,1,3,0,0,0,0,1,1,1,0
"180","174a",4,NA,NA,NA,1.47253407579763,2.80341368475947,NA,1,NA,NA,NA,3,2,2,0,0,4,0,1,4,2
"181","174b",0,2,NA,NA,NA,NA,1.31592855025304,0.88547604596288,NA,NA,NA,0,5,2,5,5,0,0,2,9,1
"182","1750",4,NA,NA,0.0481773919309853,1.29810443529508,2.9012801189005,NA,NA,NA,NA,NA,1,2,0,0,0,2,1,4,2,2
"183","1755",1,NA,2.17445718590213,NA,NA,1.67034383832896,NA,1.44711506060307,1.49011882155921,1.29139974243871,NA,11,0,4,1,0,2,0,0,0,1
"184","1757",4,NA,NA,NA,NA,2,1,NA,NA,NA,NA,1,2,1,1,0,0,1,5,2,1
"185","175a",6,NA,NA,1.63443506082729,NA,1.07061918460813,NA,2,NA,NA,NA,11,1,0,2,0,3,0,4,6,3
"186","175b",0,1.64336971739864,0.801462019444531,1.28824580777482,1.51136177714677,NA,NA,NA,1.43009381669161,1.08308030644093,1.11794580679403,0,0,0,0,1,2,1,0,0,0
"187","175c",9,1.96744999943002,1.26411386806858,1.2667300076958,NA,NA,1.92602780269382,2.22623296552003,NA,NA,2.55158629349932,1,1,1,4,5,1,1,2,8,1
"188","1766",8,1.22277106382021,1.55522379470277,1.04494962857869,1.22022018951038,NA,NA,NA,1.71184955699126,1.85179780052195,NA,0,0,0,0,5,1,10,0,0,1
"189","1768",3,NA,NA,NA,0,NA,NA,NA,NA,NA,NA,2,7,1,0,8,2,2,8,4,2
"190","1772",6,1.70295195506816,NA,NA,1.96306872535782,NA,1.41052377201623,2.47328210972663,NA,NA,1.37447171349016,0,1,1,0,3,0,0,1,8,0
"191","1776",1,NA,2.85349743291168,NA,NA,1.35781427916622,1.91094854970868,NA,NA,0.24146732481934,NA,3,0,1,10,0,0,4,3,0,1
"192","1777",2,1.6234017632324,NA,2,1.4589704706413,NA,1.24295355047458,0.964310229517092,1.93229671003551,NA,NA,0,7,0,0,23,0,0,0,10,4
"193","1778",1,NA,2,1,NA,NA,NA,NA,NA,NA,NA,1,0,0,1,1,7,2,1,1,1
"194","1788",1,NA,2,NA,NA,NA,NA,NA,NA,NA,1,1,0,2,2,4,1,2,1,4,0
"195","1789a",1,1.2139908965713,2,NA,NA,NA,NA,NA,NA,NA,1,0,0,3,1,6,4,5,1,4,0
"196","1789b",3,NA,NA,NA,3,1.1542587076678,NA,NA,NA,NA,0.59926668108439,2,1,2,0,0,1,3,2,8,0
"197","1800a",7,NA,NA,1.73423034045883,0.983675182678655,NA,NA,NA,2,NA,NA,13,2,0,0,4,1,1,0,1,6
"198","1800b",9,NA,NA,NA,NA,0.782058737502903,0.934626926783901,NA,NA,NA,3,1,9,1,1,0,0,1,1,14,0
"199","1807",1,NA,2.51572671479197,1.9340902072498,NA,1.69121042513391,1.54717307374746,0.864971136904024,1.92547374964177,0.805629736422585,1.15397043192421,4,1,1,6,1,1,1,1,1,1
"200","1808",4,1.56897217155462,NA,NA,NA,2.46724134064237,NA,1.65070632482194,NA,1.57079197163026,1.37118392151193,0,6,22,2,0,2,0,2,0,0
"201","180a",3,NA,NA,NA,2,NA,NA,NA,NA,1,NA,1,4,1,0,4,8,7,2,0,1
"202","180b",2,NA,NA,1.92644397989875,NA,0.537311905047873,1.49303482628154,1.63116383375411,NA,NA,NA,5,1,0,4,0,0,0,2,3,11
"203","1811",9,1,NA,NA,1.13245068800084,NA,NA,NA,NA,NA,2.760148855615,0,2,7,0,1,1,1,11,1,0
"204","1821",5,NA,NA,1.75953103293775,0,2.16772978261619,2.23275253657676,NA,NA,NA,NA,1,7,0,0,0,0,1,3,7,1
"205","1822a",0,3,NA,NA,NA,NA,NA,NA,NA,NA,0,0,3,1,3,2,2,1,2,5,0
"206","1822b",6,NA,NA,0,NA,NA,NA,3,NA,NA,NA,2,4,0,5,3,1,0,5,1,6
"207","1822c",2,NA,NA,2.87515445309003,0.0686410578972303,NA,NA,1.21232005906974,0.65295065351409,NA,NA,3,15,0,0,4,2,0,0,3,5
"208","1822d",2,NA,NA,2,1,NA,NA,NA,NA,NA,NA,1,4,0,0,6,3,1,6,1,8
"209","1822e",2,NA,NA,2,NA,NA,NA,NA,1,NA,NA,9,1,0,1,1,1,6,0,1,4
"210","1824",4,NA,0.433100864630236,NA,NA,2,NA,NA,1.72322954675188,NA,NA,2,0,2,14,0,3,5,0,1,1
"211","1826",6,NA,1.78192146063295,2.04684859259266,NA,NA,NA,2.8116207792595,0.145097950693301,NA,NA,1,0,0,7,3,3,0,0,5,3
"212","1832",2,1,NA,2,NA,NA,NA,NA,NA,NA,NA,0,2,0,1,1,3,1,3,3,10
"213","1847",8,NA,NA,NA,NA,NA,NA,NA,NA,0,NA,3,7,1,3,16,4,10,10,0,1
"214","184a",5,1.74281034166237,1.23548443372952,NA,NA,1.60507881162003,2.01832497354653,1.14745257386884,1.44943269091411,NA,1.20961586948812,0,0,6,18,0,0,0,0,1,0
"215","1859",2,1.78591708672196,NA,1.97039072961811,NA,NA,1.59169217790675,NA,NA,NA,NA,0,4,0,10,1,0,1,20,10,1
"216","186",5,NA,NA,NA,NA,1,2,NA,NA,NA,NA,8,8,2,6,0,0,5,4,5,10
"217","1861a",8,2.42656894827711,NA,NA,NA,NA,1.6892960611984,NA,0.799408730976385,2.68773845620885,1.15749739285197,0,2,1,1,1,0,5,0,0,0
"218","1861b",6,NA,0.990742848808189,1.47055786517962,NA,NA,1,2.06830776226218,NA,NA,NA,16,0,0,1,6,0,0,1,3,5
"219","1862",3,NA,NA,NA,2.1610665460173,NA,0,NA,2.06881292712417,NA,NA,1,3,7,0,3,0,1,0,1,1
"220","1867a",3,NA,NA,NA,1.77550341276686,NA,1,NA,1.09952606394739,NA,NA,9,6,6,0,1,0,1,0,1,11
"221","1867b",6,NA,1,NA,NA,NA,NA,2,NA,NA,NA,2,0,3,1,2,2,0,6,2,6
"222","1871",5,1.28227146185704,1.64607550319946,NA,NA,NA,1.98001170381068,NA,1,NA,1.91088106441605,0,0,9,1,1,0,2,0,4,0
"223","1873",1,NA,3,NA,NA,NA,NA,NA,NA,0,NA,6,0,1,5,3,4,1,3,0,2
"224","1877",5,NA,1,1.96219492159437,NA,NA,2.61625759213015,NA,NA,NA,NA,6,0,0,1,3,0,2,1,2,1
"225","1880",2,NA,0.591749715117303,2.40683354785936,1,NA,NA,NA,NA,NA,NA,1,0,0,0,1,5,3,1,2,3
"226","1892",9,NA,1.02170297847368,NA,NA,NA,NA,0.254302874111043,1.88947464323455,NA,2.66542471941202,1,0,2,1,1,8,0,0,8,0
"227","1914",7,0,NA,2.57063782818507,NA,NA,NA,NA,2.61851556201139,0.952053495475817,NA,0,2,0,1,1,1,2,0,0,2
"228","1918",1,NA,2.79646632541357,NA,1.399683160723,0.735415611755867,NA,NA,NA,NA,NA,1,0,2,0,0,2,1,1,2,6
"229","1920",6,NA,NA,NA,NA,0.683965625334622,1.8044065330441,2,NA,NA,NA,2,1,1,1,0,0,0,1,5,1
"230","1923",8,NA,NA,0.89315886207316,NA,NA,2.08518677973166,NA,NA,2.37730618364328,0.800299768249312,1,5,0,1,1,0,1,5,0,0
"231","1926",8,NA,1.75870963091019,NA,NA,NA,1.83912274431697,NA,1.7713797733012,1.84567122189065,0.938393689786223,3,0,2,1,2,0,2,0,0,0
"232","1927",3,NA,NA,NA,2.37291257096062,1.55227837842318,1.73106792442052,NA,1.70881714731014,NA,NA,1,11,1,0,0,0,4,0,2,1
"233","1928",9,NA,NA,NA,NA,NA,NA,NA,NA,NA,0,4,6,1,1,2,1,1,7,11,0
"234","1931",0,2,1,NA,NA,NA,NA,NA,NA,NA,NA,0,0,2,3,3,12,8,4,3,2
"235","1948",0,1.95731709191914,1.75774018773229,1.33725263963769,NA,0.538625272758569,NA,NA,NA,1.94952506357385,1.57077110465407,0,0,0,9,0,2,2,1,0,0
"236","195",0,3,NA,NA,NA,NA,NA,NA,NA,0,0.937044655597692,0,1,2,10,5,8,4,2,0,0
"237","1950",2,NA,NA,2.12248959321312,1.61930331810727,1.86829998189391,1.35993064213527,1.18067222484208,NA,NA,1.91512192463656,2,2,0,0,0,0,0,4,16,0
"238","196",8,NA,NA,NA,NA,NA,NA,1.73021652234201,NA,2.43984728622292,0.428565128108175,1,2,3,1,5,8,0,2,0,0
"239","1968",9,NA,NA,NA,NA,NA,NA,NA,NA,1,2,1,3,4,1,1,9,1,5,0,0
"240","1970",0,1.90007489824319,NA,NA,1.55195997660556,1.26833402209047,NA,NA,0.692975779214325,NA,NA,0,3,7,0,0,2,1,0,6,1
"241","1972",6,NA,0.99712572047507,NA,NA,0,NA,2.98995199065554,NA,NA,2.06678863199684,2,0,5,1,0,2,0,2,2,0
"242","1975",9,1.97889936548512,NA,NA,NA,NA,NA,NA,1.26242750193854,1.45666250887594,2,0,2,6,1,1,1,4,0,0,0
"243","197a",7,NA,NA,NA,1.67269003121189,NA,NA,1,1.81403819579453,1.26156026358494,NA,3,17,9,1,2,2,1,1,1,2
"244","197b",9,NA,NA,NA,NA,NA,NA,NA,0.892997250374789,1,2.587839516919,4,1,3,3,3,2,2,0,0,0
"245","1986",0,2,NA,NA,NA,NA,NA,1,NA,NA,NA,0,1,6,2,3,4,0,2,2,4
"246","1988",3,1.46471831379759,1.14377857603646,NA,1.65520364947167,NA,1.34472166934455,1.08747345386915,NA,NA,NA,0,0,1,0,8,0,0,3,6,1
"247","1997",7,NA,NA,NA,NA,NA,1,NA,2,1.4721186298482,NA,11,12,2,4,1,0,1,0,0,1
"248","2002",2,NA,NA,2,NA,NA,NA,NA,1,NA,NA,1,1,0,1,5,1,3,0,8,1
"249","2006a",1,NA,3,NA,1.06666001118064,NA,NA,NA,0.829074633237696,NA,NA,10,0,2,0,1,1,1,0,1,3
"250","2006b",2,NA,NA,2.2071146009239,NA,1.36330803195256,1.79197208016915,NA,NA,0.921629498780537,0.429172252304352,2,2,0,6,0,0,1,18,0,0
"251","201a",9,1,NA,NA,NA,NA,1.52112465078655,NA,NA,NA,2,0,1,1,7,1,0,1,2,3,0
"252","201b",5,NA,NA,NA,NA,1.08209030479356,2,NA,NA,1.84879556040441,NA,1,1,2,9,0,0,4,2,0,6
"253","202",7,NA,NA,NA,NA,NA,NA,NA,0,NA,NA,10,1,5,2,1,1,1,0,7,1
"254","2022",9,1.28605061021945,NA,1.64027004618359,NA,NA,NA,1.58300105335609,NA,NA,1.82528792101934,0,4,0,3,3,1,0,1,1,0
"255","2024a",0,2,NA,NA,1,NA,NA,NA,NA,NA,NA,0,10,2,0,1,1,5,12,5,6
"256","2024b",1,0.564247696521218,2.61786634396154,1.06437992442706,NA,NA,NA,NA,NA,NA,1.73968362975272,0,0,0,1,2,1,1,1,1,0
"257","203",2,NA,NA,0,NA,NA,NA,NA,NA,NA,NA,1,13,0,3,2,1,4,3,2,4
"258","2033",1,NA,2.07917966263026,1.93267513958761,NA,NA,1.15416591150734,1.28868191255214,1.05478436671267,NA,1.96672375315282,2,0,0,1,11,0,0,0,1,0
"259","2040",9,NA,1.11633924534265,1.94860584377715,NA,NA,1.25438555545613,1.19885549506308,1.44748189891348,1.22323026566208,2.36238251264087,2,0,0,2,5,0,0,0,0,0
"260","2049a",7,1.2314841758393,NA,NA,1,NA,NA,1.32946132652931,2.02541297136268,NA,NA,0,11,2,0,3,2,0,0,1,5
"261","2053a",6,NA,1.77353960780138,NA,1.74396486049724,1.28098454758426,0.257628779197022,1.98811121162588,NA,1.56160378361245,NA,5,0,2,0,0,0,0,4,0,5
"262","2053b",6,NA,1.13897674624618,1.13348869847083,1.63691643129168,NA,1.15218359535613,2.26795689084107,0.902473864115149,0.817077917798424,1.37478167530566,5,0,0,0,4,0,0,0,0,0
"263","2053c",9,NA,NA,NA,NA,NA,1.6402300631542,0.303317854707642,NA,1.3586876002261,1.87749667396974,10,9,1,2,4,0,0,2,0,0
"264","2053d",3,NA,NA,NA,0,NA,NA,NA,NA,NA,NA,2,1,1,0,2,1,3,2,8,2
"265","2057a",0,2,NA,NA,1,NA,NA,NA,NA,NA,NA,0,5,5,0,2,2,1,3,3,1
"266","2057b",6,NA,NA,1,NA,NA,NA,2,NA,NA,NA,2,8,0,2,4,3,0,11,1,2
"267","206",6,NA,NA,0.452930542957958,1.38068398899813,0.527789123410732,NA,2.1591118699861,1.79260683441995,1.60914334208012,NA,1,1,0,0,0,6,0,0,0,10
"268","2063",4,2,0.716965959976009,NA,NA,2.73325035124664,NA,1.19831836030669,0.956084033186348,NA,NA,0,0,4,4,0,1,0,0,9,1
"269","2067",5,1,NA,NA,NA,NA,2,NA,NA,NA,NA,0,4,1,2,2,0,1,2,4,3
"270","2070a",8,NA,1.5574891212326,0.918185682502589,2.13199132449074,NA,1.72843535270874,NA,NA,2.39120629116443,NA,4,0,0,0,3,0,1,2,0,2
"271","2070b",6,1.74472598540733,NA,1.42334545322152,NA,NA,NA,2.48839834784885,NA,1.62420720318572,1.28529690147332,0,2,0,4,4,1,0,1,0,0
"272","2077",4,1,NA,NA,NA,2,NA,NA,NA,NA,NA,0,3,4,1,0,2,5,1,8,1
"273","2083a",9,NA,0.808873968099849,NA,NA,NA,1,NA,NA,NA,2.11855810295414,5,0,3,6,9,0,2,3,4,0
"274","2083b",3,NA,NA,NA,2,NA,NA,0.295974126012504,NA,NA,1.9882396111281,1,7,1,0,1,1,0,2,9,0
"275","2086",1,NA,0,NA,NA,NA,NA,NA,NA,NA,NA,2,1,4,3,8,8,2,2,5,3
"276","2087",8,NA,NA,1,NA,NA,NA,NA,NA,2,NA,3,5,0,2,6,2,3,3,0,1
"277","2089",8,NA,NA,1.28272406113474,1.89087150546623,NA,1.56839462031219,NA,NA,2,NA,1,2,0,0,1,0,1,1,0,10
"278","209",4,NA,NA,NA,NA,2,NA,NA,NA,NA,1,2,19,2,2,0,4,1,9,1,0
"279","2091",5,NA,NA,NA,1.65572830458599,2.08544091167308,2.13773381087416,NA,NA,NA,0.0218432753812052,2,2,3,0,0,0,7,1,5,0
"280","2094",5,0,NA,NA,NA,NA,3,NA,NA,NA,NA,0,1,1,2,1,0,5,3,1,4
"281","20a",2,NA,0.520359494736204,1.57271483665869,1.09159870437191,NA,0.901453060394147,NA,NA,NA,1.44175784840397,2,0,0,0,1,0,4,4,6,0
"282","20b",0,0,NA,NA,NA,NA,NA,NA,NA,NA,NA,0,2,10,2,2,1,3,5,13,4
"283","2115",9,NA,NA,NA,1,NA,NA,NA,NA,NA,2,5,3,4,0,2,4,1,11,1,0
"284","2117",2,NA,1.34928952034892,2.55022354307776,NA,NA,NA,0.711178449373427,NA,1.02928641760358,NA,1,0,0,1,1,1,0,4,0,1
"285","2128a",1,1.51412084873819,1.61386124970326,NA,NA,NA,0.838121476541417,NA,1.09818120659721,NA,NA,0,0,4,8,1,0,1,0,2,2
"286","2128b",6,1.08957873167168,1.72681045753076,NA,NA,0.749233587806489,NA,2.16678545773408,1.92965463783546,NA,1.74407933334985,0,0,2,4,0,1,0,0,3,0
"287","2128c",8,NA,NA,0.180958895111231,NA,NA,NA,1,NA,2.69254291555113,NA,3,1,0,2,1,9,0,4,0,3
"288","2130",1,NA,2.03067132609073,NA,1.43298911674089,1.54184479365179,1.95010839496776,NA,NA,1.83435001040293,1,1,0,1,0,0,0,1,5,0,0
"289","213a",5,NA,1.11509564096614,1,NA,NA,1.54828602625188,NA,NA,NA,NA,1,0,0,1,2,0,2,3,2,3
"290","213b",1,NA,2.87594645409256,1,NA,NA,NA,1.37046455202171,NA,NA,NA,8,0,0,5,4,1,0,2,1,2
"291","2146a",9,1.40126623158462,1.21074073639114,1.51798747941107,1.44519093901409,1.01780307040561,1.97466545057394,0.985804387581698,NA,NA,2.22625296643064,0,0,0,0,0,0,0,5,2,0
"292","2146b",0,1.87595839893801,0.722501751940709,NA,NA,1.65857396100108,NA,NA,NA,1.6143947625598,1.6426360272368,0,0,1,1,0,1,1,1,0,0
"293","2146c",5,NA,1.66022794964658,NA,NA,NA,1.7758503416216,1,NA,NA,NA,4,0,2,2,3,0,0,1,3,1
"294","2146d",2,1.5264998125816,1.22886383436858,2.30493891142304,1.93119195649778,0.83444983156014,NA,NA,NA,NA,1.15461561239695,0,0,0,0,0,3,1,5,1,0
"295","2149",7,NA,NA,NA,NA,NA,NA,NA,0,NA,NA,1,1,10,6,1,2,9,0,1,2
"296","216",6,NA,NA,NA,NA,NA,NA,0,NA,NA,NA,6,1,1,7,2,8,0,2,1,4
"297","2160",9,NA,1.26938501297571,NA,NA,NA,1.72818332650333,NA,NA,NA,2,1,0,3,4,2,0,9,1,1,0
"298","2172",6,0.595976707180026,NA,NA,NA,NA,1.79606772464467,2.78969843102627,NA,NA,NA,0,1,3,1,2,0,0,5,5,1
"299","2176",5,NA,NA,NA,1,NA,2,NA,NA,NA,NA,4,1,5,0,1,0,6,1,1,2
"300","2184",6,NA,NA,NA,1,NA,NA,2,NA,NA,NA,4,2,1,0,1,1,0,2,1,1
"301","2193",4,1.07999374795904,NA,NA,NA,2,0.848010004004679,NA,NA,NA,NA,0,1,4,7,0,0,8,1,1,1
"302","22",4,NA,NA,NA,NA,1.70914086028568,1.56182289766772,NA,NA,NA,1,2,5,11,2,0,0,1,2,6,0
"303","220a",1,1.78212774099373,2.21077206653184,0.0227218048739388,NA,1.96301355552604,NA,NA,NA,NA,2.027728408816,0,0,0,3,0,2,2,3,2,0
"304","220b",5,1.22025861938347,1.30721257494942,1.11898012448187,NA,NA,2.79648690172534,NA,NA,NA,NA,0,0,0,2,7,0,1,1,2,1
"305","220c",1,NA,3,NA,NA,NA,0,NA,NA,NA,NA,1,0,1,2,1,0,1,5,1,2
"306","220d",2,NA,NA,2.05635782523183,NA,1.81154959764969,NA,NA,NA,0.857672106855051,0.98743315402148,2,2,0,2,0,6,1,14,0,0
"307","221",1,NA,2,NA,0.497187453311621,NA,NA,1.34458731374227,NA,NA,NA,2,1,3,1,5,3,1,3,6,3
"308","2215",8,NA,1.27904387797422,NA,NA,1.56487042243602,1.61101826378207,0.495663329488163,0.881268999321475,2.072842197401,NA,1,0,15,2,0,0,0,0,0,3
"309","222",2,NA,NA,0,NA,NA,NA,NA,NA,NA,NA,2,2,0,6,4,7,7,4,2,3
"310","2225",9,NA,NA,NA,NA,NA,NA,NA,NA,NA,0,3,2,3,1,5,2,2,2,1,0
"311","2227",8,NA,NA,NA,NA,NA,0.488463673423803,NA,1.43541776268755,2,NA,3,2,5,12,3,0,2,0,0,1
"312","223",5,NA,NA,NA,NA,NA,0,NA,NA,NA,NA,9,5,2,3,3,0,1,2,2,4
"313","2232",9,NA,NA,NA,NA,NA,1,NA,0.968177445863232,NA,2,1,4,1,1,2,0,1,0,1,0
"314","2237",8,0,NA,NA,NA,NA,NA,NA,NA,3,NA,0,1,7,7,2,1,3,1,0,1
"315","2240",6,1.69227928399716,1.71588324228021,1.58168568640353,NA,NA,NA,1.94365763825195,NA,1.58124970347298,NA,0,0,0,2,4,14,0,2,0,1
"316","225",0,2,NA,NA,NA,NA,NA,NA,NA,NA,1,0,2,2,1,1,8,1,1,3,0
"317","226",4,NA,NA,NA,NA,0,NA,NA,NA,NA,NA,3,1,1,3,0,5,1,17,4,1
"318","2262",0,1.79528813246799,NA,NA,NA,1.51743029426949,0.636267723287416,1.64247521507345,NA,NA,NA,0,1,5,5,0,0,0,1,2,2
"319","2280a",3,1,NA,NA,2,NA,NA,NA,NA,NA,NA,0,7,2,0,1,3,1,5,13,6
"320","2280b",3,NA,NA,NA,2.61355921139008,1.49375993007214,NA,NA,NA,1.98876455750455,0.599941262702323,4,1,3,0,0,3,2,1,0,0
"321","2283",2,NA,NA,2.46267776013315,0.666745566855585,NA,NA,NA,NA,1,NA,2,1,0,0,15,1,1,1,0,6
"322","2284",6,NA,NA,NA,NA,NA,NA,0,NA,NA,NA,1,1,2,1,3,1,0,2,4,1
"323","229",7,NA,NA,2.26028652903476,NA,NA,0.0865203794068355,1.56288295793423,2.93855275639877,NA,NA,4,2,0,1,6,0,0,0,17,3
"324","2290",1,NA,2.3706019613288,2.06386258657491,0.987204870847335,NA,NA,1.18194753539483,NA,0.596008299040087,1.64400552116911,8,0,0,0,1,4,0,2,0,0
"325","2293",3,NA,NA,0,2.31072722877303,2.05249360658784,NA,NA,NA,NA,NA,2,3,0,0,0,2,2,3,1,2
"326","2308",8,NA,NA,NA,1,NA,NA,NA,NA,2,NA,1,1,7,0,3,5,2,2,0,2
"327","2309b",1,NA,2,NA,NA,NA,1,NA,1.1459280939141,1.14423701299503,NA,3,0,4,1,4,0,1,0,0,11
"328","2309c",2,NA,NA,2.22180296909443,NA,1.10698028495921,NA,1.70174697299432,NA,2,NA,1,2,0,7,0,1,0,3,0,3
"329","2310a",2,1.23476885213583,NA,2.81617605184388,NA,NA,NA,1.36075329579351,1.4744871521082,NA,0.540034084200878,0,3,0,2,10,2,0,0,5,0
"330","2310b",9,NA,NA,NA,NA,1.36085012939684,1,NA,NA,NA,2.65088482700711,3,5,2,2,0,0,2,1,3,0
"331","2312",4,NA,NA,NA,NA,2,1,NA,NA,NA,NA,9,2,1,1,0,0,2,4,1,3
"332","2316",6,NA,NA,NA,1,NA,NA,2,NA,NA,NA,3,3,1,0,1,2,0,1,1,1
"333","2317",6,NA,NA,NA,NA,NA,NA,2.1764824142883,NA,2,1,2,7,1,1,2,5,0,2,0,0
"334","2323",8,0.484059436436502,0.906164308385029,NA,NA,NA,NA,NA,2.35799281440426,2.64347090674249,NA,0,0,1,2,3,2,10,0,0,8
"335","2345a",0,2.0572230168288,NA,NA,0.413923011152994,NA,NA,NA,1.39043446847212,NA,NA,0,1,5,0,10,1,9,0,1,1
"336","2345b",8,NA,1.32437645691266,NA,NA,NA,NA,1,NA,2,NA,1,0,1,6,3,1,0,1,0,4
"337","234a",5,0.929343216666651,NA,NA,NA,NA,3,NA,NA,1.13497638234818,NA,1,2,8,2,2,1,5,2,1,2
"338","2350",4,1,2.24947847581448,NA,1.86789827727093,2.37968909381737,NA,NA,NA,NA,1.89815116329466,0,0,11,0,0,2,1,2,2,0
"339","2351",2,NA,NA,2,NA,1,NA,NA,NA,NA,NA,10,1,0,2,0,3,5,7,2,2
"340","236",2,NA,NA,0,NA,NA,NA,NA,NA,NA,NA,5,2,1,8,2,5,3,6,17,3
"341","2366",5,NA,NA,NA,1.67170306376096,0.787967708125908,1.94773564496942,NA,1.57339097978907,NA,NA,5,1,9,0,0,0,1,0,4,7
"342","240",0,2,NA,0.679079986725413,NA,NA,1,NA,NA,NA,NA,0,2,0,7,1,0,5,3,1,6
"343","250a",9,NA,1.50149722780598,NA,0.950622419914504,NA,2.14937379626866,NA,NA,1.54352191384116,2.23830340050081,2,0,6,0,2,0,1,1,0,0
"344","250b",7,NA,NA,NA,NA,NA,NA,NA,0,NA,NA,4,1,2,6,3,2,2,0,4,2
"345","253",8,NA,NA,NA,NA,NA,NA,NA,NA,0,NA,18,3,1,1,3,4,4,3,0,1
"346","254",6,0.0786226066676884,NA,NA,NA,NA,NA,3,NA,0.974432945501409,NA,0,16,1,5,2,3,0,3,0,1
"347","255a",4,NA,NA,NA,1.57462271474719,1.73791677198098,NA,1,NA,0.969824155755926,NA,4,4,19,0,0,1,0,1,0,14
"348","255b",8,NA,NA,1.7462182544211,NA,NA,NA,0.642238819223715,NA,2,NA,4,5,0,1,6,1,0,2,0,2
"349","255c",2,NA,1.0465831734241,2.6001930802456,NA,1.20907233758106,2.56793252507103,0.415289611931999,NA,NA,NA,1,0,0,10,0,0,0,1,1,1
"350","255d",2,0,NA,3,NA,NA,NA,NA,NA,NA,NA,0,2,0,1,2,3,2,1,5,1
"351","255e",8,NA,NA,NA,1,NA,1.72704216997585,NA,1.36410407604404,1.73735987990669,1.39683630736032,3,1,2,0,1,0,4,0,0,0
"352","260",1,1.7441689052789,2.50897455826985,NA,NA,0.752804930518077,NA,NA,NA,NA,NA,1,1,8,2,1,2,2,2,2,3
"353","262",9,NA,NA,NA,NA,0.170655634652141,1.50548340276355,1.7669905600566,NA,NA,2.06422960982414,1,2,2,9,0,0,0,2,3,0
"354","264a",1,NA,2,NA,NA,NA,0.751894680965365,NA,NA,NA,1.23701969535159,2,0,1,2,2,0,1,1,2,0
"355","264b",3,NA,1.71044643956964,NA,2.23433412340741,NA,NA,1.38373078583822,2.06297008631909,NA,1,1,0,3,0,2,3,0,0,14,0
"356","264c",4,NA,NA,NA,NA,0,NA,NA,NA,NA,NA,3,1,1,7,0,1,9,1,3,1
"357","264d",0,2.65310322319897,NA,0.577746138374218,NA,NA,NA,1.2973742401806,NA,NA,1.96832832358375,0,4,0,5,3,8,0,5,3,0
"358","264e",4,NA,NA,NA,NA,2,NA,NA,NA,1,NA,2,2,2,1,0,1,1,4,0,5
"359","264f",4,NA,NA,1,NA,2.35767320206073,1.54986807463349,NA,0.55450082464233,NA,2.09066093923227,1,5,0,2,0,0,1,0,6,0
"360","267",1,NA,2,NA,NA,1.91264064607147,NA,1.04351324371809,NA,NA,NA,4,0,3,2,0,6,0,22,2,1
"361","269",2,NA,NA,2,NA,NA,NA,NA,1,NA,NA,1,1,0,5,3,7,2,0,5,2
"362","280a",2,NA,NA,2,NA,1,NA,NA,NA,NA,NA,4,4,0,2,0,1,7,3,2,1
"363","280b",7,NA,NA,NA,NA,NA,NA,NA,2,NA,1,4,1,1,2,3,1,4,0,1,0
"364","281a",8,NA,NA,NA,NA,NA,NA,NA,NA,0,NA,12,1,2,1,5,2,3,1,0,1
"365","281b",3,NA,NA,1.49000443945331,1.8666207249469,NA,NA,NA,1.56993660512896,0.985745425117688,NA,1,15,0,0,5,1,3,0,0,3
"366","283",3,NA,0.591384209147044,NA,2.26288324447542,NA,NA,NA,NA,1.84078908444548,0.276695617315394,3,1,2,1,7,3,2,2,1,1
"367","284",8,NA,NA,NA,NA,1,NA,NA,NA,2.99145125682736,0.970800903390515,1,8,1,5,0,1,6,3,0,0
"368","286",3,1.54255032649916,NA,NA,2.206522522156,1.16824304383387,1.7935946920466,1.58575559321139,1.72614534874677,NA,0.639956477025984,0,22,5,0,0,0,0,0,1,0
"369","29",5,NA,1.82866400144406,NA,NA,NA,2,NA,NA,NA,1,6,0,1,1,1,0,3,2,4,0
"370","291",5,NA,NA,NA,NA,NA,0,NA,NA,NA,NA,9,6,2,4,7,1,7,2,3,2
"371","300",0,1.92158424519585,1.38585194914296,NA,NA,NA,1.17109626151887,NA,1.4442009267218,1.77406912263106,NA,0,0,1,3,16,0,1,0,0,16
"372","301",0,2,NA,NA,NA,NA,NA,NA,NA,1,NA,0,1,2,1,3,2,1,8,0,1
"373","31",8,NA,NA,NA,NA,NA,NA,NA,NA,0,NA,1,2,3,1,1,1,3,4,0,4
"374","317",5,1.91407956138271,NA,NA,0.869909384379307,NA,2.09745010014481,1.96385426059102,1.70245706455931,NA,NA,0,18,1,0,2,0,0,0,4,1
"375","324a",5,NA,NA,1.20992187809629,NA,NA,2,NA,NA,NA,1.03105760989616,2,9,0,5,4,0,1,1,4,0
"376","324b",4,0.301164937426726,NA,1.75113246995042,1.3442282529369,2.51657696203272,NA,1.88594420015032,2.159537492462,NA,NA,0,12,0,0,0,2,0,0,7,1
"377","325",9,NA,NA,NA,NA,NA,NA,NA,NA,1,2,3,9,2,12,1,3,4,1,0,0
"378","330a",5,1.78471782578232,1.21752370653161,1.78104888988244,1.26378176610262,NA,1.90681684022327,NA,NA,NA,NA,0,0,0,0,2,0,1,4,1,3
"379","330b",2,NA,NA,0,NA,NA,NA,NA,NA,NA,NA,2,1,0,2,2,6,2,1,2,2
"380","330c",1,NA,0,NA,NA,NA,NA,NA,NA,NA,NA,4,0,1,14,4,1,1,2,2,7
"381","330d",1,NA,2.20647067048332,NA,1,1.02194685775725,NA,NA,NA,NA,NA,7,0,3,0,0,2,1,4,7,9
"382","332",2,0,2.0081455193411,2.24312660968323,1.91143196435531,NA,NA,NA,1.36154588676822,NA,NA,0,0,0,0,4,2,7,0,17,2
"383","338",3,NA,NA,1,2,NA,NA,NA,NA,NA,NA,6,2,0,0,1,1,2,2,2,2
"384","33a",2,NA,NA,2.58837147742293,2.21408061329628,NA,NA,0.00246419887926177,NA,NA,1.06820944169588,2,4,0,0,3,2,0,4,1,0
"385","33b",3,1.20986116831524,1.21524575572683,1.89426804146259,2.11716787955858,NA,NA,1.47097849029563,2.01058927823504,1.3795528853539,NA,0,0,0,0,10,9,0,0,0,2
"386","344a",0,3,NA,NA,NA,NA,0,NA,NA,NA,NA,0,3,3,1,2,0,1,1,4,8
"387","344b",3,NA,NA,NA,2,NA,NA,NA,NA,1,NA,1,2,2,0,2,3,2,4,0,2
"388","348",8,NA,NA,NA,NA,NA,NA,1,NA,2,NA,6,6,5,7,1,3,0,5,0,4
"389","350",5,2.05908149506022,0.765908991277576,NA,NA,NA,2.50741968662395,NA,NA,NA,1,0,0,2,11,6,0,4,3,6,0
"390","353",6,NA,NA,NA,NA,NA,NA,0,NA,NA,NA,2,2,2,2,3,22,0,1,2,1
"391","354a",1,1.19794504545931,1.37955881435831,NA,NA,NA,1.20699481723119,NA,NA,0.834535526282281,NA,0,0,7,7,2,0,1,1,0,13
"392","354b",7,NA,NA,1.16900443105942,1.19130272988891,NA,1.8729449086285,1.24940168972793,2.29077058064476,NA,NA,4,1,0,0,16,0,0,0,5,8
"393","36",6,NA,NA,NA,1.33773911254737,NA,NA,2,NA,NA,1.53813088963354,1,5,2,0,6,7,0,2,1,0
"394","367",2,NA,NA,0,NA,NA,NA,NA,NA,NA,NA,3,1,0,1,1,4,2,4,9,1
"395","371",3,NA,1.8100434787898,NA,2,0.564245594632786,NA,NA,NA,NA,NA,7,0,10,0,0,1,2,1,6,3
"396","380",8,NA,NA,NA,NA,NA,NA,NA,NA,3,0,1,3,2,3,2,3,3,6,0,0
"397","384",1,1.28147365652719,2.76767212196725,1.46728975964062,NA,0.808125305406294,2.07837200456819,NA,NA,NA,NA,1,1,1,3,1,1,2,18,5,4
"398","386",0,3,NA,NA,NA,NA,0.879424766190924,NA,0.103712538563581,NA,NA,0,7,3,1,12,0,2,0,2,4
"399","387a",8,1,NA,NA,NA,NA,NA,NA,NA,2,NA,0,6,3,4,3,4,3,3,0,3
"400","387b",1,0,3,NA,NA,NA,NA,NA,NA,NA,NA,0,0,1,4,15,1,13,1,2,2
"401","393",1,1.65293323724895,2.26630928931418,NA,NA,NA,NA,0.363639580628889,NA,2.1830764899903,1.4543261903456,0,0,1,4,1,13,0,3,0,0
"402","409a",0,2,NA,NA,NA,NA,NA,1,NA,NA,NA,0,2,1,17,2,4,0,2,2,2
"403","409b",1,NA,0,NA,NA,NA,NA,NA,NA,NA,NA,1,0,9,1,4,3,2,1,5,2
"404","41",4,0.284502872698267,NA,NA,NA,2.11038576938417,NA,NA,0.994151044978896,NA,1.25402008571834,0,1,9,2,0,5,1,0,1,0
"405","410",9,NA,NA,1.74024005088452,0.875350358603185,1.87437469081287,NA,NA,NA,1.30578030812856,2.21684965796733,6,3,1,1,1,11,6,2,1,1
"406","413",4,1.84071785030256,1.3360124829313,NA,NA,1.89643869905247,NA,NA,1.01631659834549,NA,1.49477036377075,0,0,2,1,0,12,2,0,5,0
"407","416a",1,NA,3,NA,NA,NA,NA,NA,0,NA,NA,2,0,6,6,8,1,6,0,7,4
"408","419",4,NA,NA,NA,NA,2,1,NA,NA,NA,NA,1,1,2,2,0,0,3,1,15,5
"409","421",3,NA,NA,NA,0,NA,NA,NA,NA,NA,NA,2,3,6,0,9,4,1,1,2,2
"410","424",8,NA,0.971251587168398,NA,NA,0.807808942991001,NA,NA,NA,2.26557489608346,1.76390872169927,1,0,1,1,0,4,4,3,0,0
"411","425",5,1.1145206795769,0.35571597928316,NA,NA,NA,2.0819019288254,NA,NA,NA,1.06629659069671,0,0,1,2,1,0,1,5,13,0
"412","427a",6,1.28816016545766,0.623966426155175,NA,NA,NA,NA,3,1.43094755121296,NA,NA,0,0,2,1,2,6,0,0,2,10
"413","43",4,NA,1.36965568448606,1,NA,1.83930709271897,1.2831990027994,NA,NA,NA,NA,1,0,0,1,0,0,23,1,2,1
"414","434",8,1,NA,NA,NA,NA,NA,NA,NA,2,NA,0,1,3,1,1,4,8,1,0,1
"415","438a",3,1.88756883919449,1,NA,2.08618847873143,NA,NA,1.41145532046817,NA,NA,0.980041838589793,0,0,3,0,1,1,0,3,3,0
"416","438b",5,1.87074192456439,NA,NA,NA,NA,2.03542217752579,NA,NA,0.752794638441465,1.69568259207805,0,1,1,4,3,0,6,3,0,0
"417","439",7,NA,NA,NA,1,NA,NA,NA,2,NA,NA,2,1,7,0,1,1,2,0,5,2
"418","442",3,NA,NA,1,2.3908653403751,NA,NA,NA,1.02222045086028,NA,NA,4,4,0,0,7,3,1,0,7,1
"419","446",4,NA,NA,0.501852706346146,0.996468581172208,3,NA,NA,NA,1.08636304652053,NA,7,1,0,0,0,6,4,6,0,5
"420","45",5,NA,NA,NA,NA,NA,2,NA,1,NA,NA,3,6,3,2,2,1,6,1,2,4
"421","450",3,NA,NA,NA,0,NA,NA,NA,NA,NA,NA,4,10,5,0,6,1,2,4,1,1
"422","459",4,NA,NA,NA,1,2,NA,NA,1.28089446498676,1.25777508172035,NA,5,1,10,0,0,1,2,0,0,3
"423","46",4,NA,1,1.25407775272613,NA,2.67325180931672,NA,NA,NA,NA,NA,11,1,1,7,1,2,4,2,2,4
"424","460",1,0.866658716831358,2.26208579140568,NA,NA,1,NA,NA,NA,NA,NA,0,0,1,1,0,2,1,1,4,1
"425","469",9,NA,NA,0,NA,NA,NA,NA,NA,NA,3,4,4,0,2,4,1,1,1,3,0
"426","472",6,NA,1,NA,NA,NA,NA,2,NA,NA,NA,1,0,2,2,1,13,0,1,2,1
"427","473",0,2,1,NA,0.577577787735756,NA,NA,NA,NA,NA,NA,0,0,1,0,1,1,2,2,2,3
"428","484",4,NA,NA,NA,NA,2,NA,NA,1,NA,NA,2,4,1,1,0,4,2,0,2,4
"429","485",3,1.42656712326414,NA,NA,2.98301298901601,0.62304732030088,1.02813507549754,NA,1.83311222152634,1.51915602794309,NA,0,2,5,0,0,0,4,0,0,12
"430","486",3,NA,NA,NA,2,NA,0.604278997477232,NA,NA,1.48541718387143,NA,1,9,1,0,8,0,3,1,0,2
"431","487",3,0.926839658966481,NA,NA,3,NA,NA,NA,0.394280599256641,NA,NA,0,4,1,0,6,1,1,0,9,2
"432","488a",9,NA,NA,NA,NA,NA,NA,1,NA,NA,2,3,6,4,9,6,1,0,3,1,0
"433","488b",6,1.97606594186838,NA,NA,NA,NA,NA,2,NA,NA,1.10869588788545,0,7,11,3,2,1,0,5,2,0
"434","491",6,1.58139434233944,NA,0.869713994370661,NA,NA,NA,2.48987662619637,1.70857315777283,NA,NA,0,1,0,1,1,2,0,0,1,4
"435","496",9,NA,NA,NA,NA,1,NA,NA,NA,NA,2,1,2,2,1,0,2,6,10,12,0
"436","499",0,1.34677631569934,NA,0.809423420085696,NA,0.81474445215257,1.24713861623837,NA,NA,1.30821597081249,NA,0,3,0,1,0,0,3,2,0,3
"437","501",4,NA,NA,1.98484034410508,NA,2.61499288395166,NA,1.34873202301166,2.27383835356355,0.478321619439141,1.47423100830506,1,6,0,1,0,3,0,0,0,0
"438","513",7,1.1108500538931,NA,NA,NA,NA,0.31491200085533,1.49898858210567,2.27748813419916,NA,1.51558309028414,0,1,11,1,3,0,0,0,6,0
"439","514",4,NA,1.14461903055729,NA,NA,2.8635138024578,NA,NA,NA,NA,0.483965900378716,1,0,7,3,0,1,2,4,2,0
"440","521a",3,NA,NA,NA,1.6682739414065,NA,NA,1.16510745741107,1,NA,NA,1,9,1,0,2,1,0,0,8,4
"441","521b",1,NA,2,1,NA,NA,NA,NA,NA,NA,NA,3,0,0,1,4,1,4,2,1,1
"442","521c",3,NA,NA,NA,2.61414888590675,2.03150370147699,1.07806874189564,NA,NA,0.412861928800747,1.49929347270086,4,1,2,0,0,0,1,3,0,0
"443","524",5,NA,NA,1,NA,NA,2,NA,NA,NA,NA,6,2,0,2,1,0,3,2,1,7
"444","532a",5,NA,1.66046673462157,0,NA,NA,3,NA,0.837096225582485,NA,1.44273766628771,4,0,0,2,1,0,3,0,1,0
"445","532b",6,1.01337688705986,0.928058752623083,0.809219082840489,1.6736642735224,NA,1.35761412119349,2.17446192824587,2.17436551525344,2.13776898545597,1.35305079390384,0,0,0,0,16,0,0,0,0,0
"446","538",5,NA,1.47271389820785,NA,0.728453357442916,NA,2.36461724826647,NA,NA,NA,NA,1,0,2,0,1,0,1,4,6,3
"447","541",2,1,NA,2,NA,NA,NA,NA,NA,NA,NA,0,1,0,1,2,2,5,3,1,3
"448","552",2,NA,NA,2.96406202964985,NA,NA,NA,NA,1.43882759018581,2.04299309673599,0.61323578645367,1,6,0,3,6,1,4,0,0,0
"449","554",5,NA,NA,NA,1.75157224552381,NA,2.10283042889926,0.922551713241365,NA,NA,1.51707436809766,8,1,5,0,1,0,0,11,5,0
"450","555",1,NA,2,1.31035416524749,0.130909650265346,NA,NA,1.9922272535835,NA,NA,1.86119507543879,12,0,0,0,3,1,0,4,3,0
"451","56",0,1.98962077110755,NA,NA,NA,NA,1,NA,NA,1.75623511884897,NA,0,1,2,2,13,0,13,1,0,5
"452","562",0,2.42600945486013,0.532997218679825,NA,NA,NA,NA,NA,1.97745624253404,NA,1.3117185148099,0,0,10,14,5,4,2,0,4,0
"453","568",7,NA,NA,NA,NA,1,NA,NA,2,NA,NA,1,1,2,1,0,5,1,0,3,11
"454","577",6,0.486892139150681,NA,NA,1.3270068978241,NA,NA,2.32243905501069,1.13465787909335,1.42544809202833,NA,0,4,3,0,1,1,0,0,0,2
"455","580",1,NA,0,NA,NA,NA,NA,NA,NA,NA,NA,6,0,1,4,3,2,2,3,1,1
"456","588",5,NA,NA,1,NA,NA,2,NA,NA,NA,NA,5,1,0,4,1,0,5,1,1,6
"457","595",9,1.38150576836126,1.94333233295494,NA,NA,1.73210761626652,NA,NA,1.93073262183337,0.399682025065315,2.15179544138997,0,0,1,2,0,3,4,0,0,0
"458","596",8,NA,NA,0.204607510145606,NA,NA,1.72469851607711,NA,NA,2.60506391618612,NA,2,1,0,2,2,0,5,5,0,1
"459","599a",4,NA,NA,NA,NA,0,NA,NA,NA,NA,NA,1,1,2,6,0,1,4,1,6,6
"460","599b",6,1.28205349442855,1.23177604176856,1.66927338538239,0.625710675492034,NA,NA,2.10534077423165,NA,2.07233064109588,NA,0,0,0,0,2,2,0,1,0,7
"461","599c",7,NA,NA,NA,NA,0,NA,NA,3,NA,NA,3,1,1,2,0,1,7,0,2,2
"462","5a",7,NA,NA,0.746054803989309,NA,NA,NA,NA,3,NA,0.913062697857548,1,1,0,1,12,1,4,0,21,0
"463","5b",1,NA,2.05886682810811,NA,NA,NA,1,NA,NA,1.42557308563,NA,1,0,2,1,2,0,1,1,0,1
"464","6",3,1,1.52592371370482,2.80386692076488,2.84990983148285,NA,NA,NA,1.00466430833695,NA,NA,0,0,0,0,1,5,7,0,1,1
"465","60",5,1,NA,1.68328409343587,1.72962176487242,0.70951402646825,2.54765236816603,NA,2.37010007552801,NA,NA,1,2,1,1,1,1,7,1,5,5
"466","600",2,NA,NA,3,NA,NA,NA,0,NA,NA,NA,1,9,0,5,1,1,0,3,2,11
"467","602",1,NA,1.72531272819719,1,1.09121394556499,NA,NA,NA,NA,NA,NA,12,0,0,0,3,3,3,2,26,1
"468","606",3,NA,1.27610372841335,1.05386878410214,1.65996607159465,NA,NA,NA,NA,NA,1.58371556079057,3,0,0,0,3,1,1,12,1,0
"469","616",5,0.548455574815508,NA,0.805469356755011,NA,NA,2.18433918821166,1.76751178454557,NA,NA,NA,0,4,0,12,8,0,0,1,8,1
"470","62",3,1.06320754050425,NA,1,2,NA,NA,NA,NA,NA,NA,0,2,0,0,3,7,1,6,4,1
"471","638",0,2.18369074478222,NA,NA,NA,NA,NA,1,1.47119708370358,NA,2.08981864526857,0,1,6,2,8,3,0,0,2,0
"472","640a",2,NA,NA,0,NA,NA,NA,NA,NA,NA,NA,12,2,0,1,1,4,4,1,2,5
"473","640b",5,NA,NA,NA,NA,NA,0,NA,NA,NA,NA,2,1,5,1,1,0,1,3,2,1
"474","654a",8,NA,1,NA,NA,NA,NA,NA,NA,2,NA,5,0,3,1,1,2,1,1,0,2
"475","654b",1,NA,2,NA,1,NA,NA,NA,NA,NA,NA,2,0,1,0,2,6,2,3,1,5
"476","664",1,NA,2,NA,NA,NA,1,NA,NA,NA,NA,4,0,1,3,1,0,1,4,2,5
"477","672",6,1,NA,NA,NA,NA,NA,2.73215821113824,0.47542299102656,NA,NA,0,1,7,1,5,1,0,0,2,1
"478","675",0,2,1,NA,NA,NA,NA,NA,NA,NA,NA,0,0,3,4,2,4,1,1,2,6
"479","688",3,NA,NA,NA,2.91932124823439,NA,NA,0.631278281444069,1.16301653111439,NA,1.34987304810872,2,27,5,0,5,1,0,0,1,0
"480","691",8,NA,NA,1.52313456622891,NA,NA,1,NA,NA,1.88598068224985,NA,1,2,0,5,4,0,2,1,0,2
"481","70",7,NA,NA,NA,NA,NA,0.399922681688205,NA,2,1.82005479752354,NA,8,2,3,2,5,0,6,0,0,4
"482","700",4,NA,NA,NA,NA,0,NA,NA,NA,NA,NA,6,1,5,2,0,2,1,8,3,3
"483","702",4,NA,NA,NA,NA,2.68548061957214,1.32813722389994,NA,NA,0.0838134541102633,NA,2,2,3,4,0,0,4,1,0,2
"484","705a",6,NA,NA,NA,NA,NA,NA,0,NA,NA,NA,1,1,1,1,2,1,0,7,1,1
"485","709",9,NA,0.861527159252468,NA,NA,NA,1,NA,NA,NA,2.15234468571791,1,0,1,4,1,0,1,8,3,0
"486","710",5,NA,1,NA,NA,NA,2,NA,NA,NA,NA,1,0,1,1,2,0,2,1,2,4
"487","712a",9,NA,NA,0.796608717852297,1,NA,NA,1.45556444197569,NA,NA,2,7,2,0,0,1,1,0,1,2,0
"488","712b",8,NA,NA,1.45458912336113,1.0149167407765,NA,NA,0.629478847108395,NA,2,NA,1,1,0,0,1,1,0,3,0,1
"489","712c",8,NA,NA,NA,1.90639406191712,1.98690573925198,1.01755885141674,NA,NA,2.03014559084515,0.989363763178099,4,2,1,0,0,0,8,1,0,0
"490","714",1,NA,2.19658756697583,NA,NA,NA,1,1.52121964958148,NA,NA,NA,1,0,1,1,3,0,0,2,1,3
"491","718a",0,2.23320598724492,NA,NA,NA,1.41000532315696,0.0926474268195039,NA,1.42178187123307,NA,NA,0,3,3,7,0,0,1,0,1,4
"492","718c",4,NA,NA,NA,NA,2.9244147765868,NA,0.321664968609183,1.09803584035389,NA,NA,2,1,1,20,0,3,0,0,1,3
"493","725",5,1.43342226263504,NA,NA,NA,NA,2.9030213604883,1,NA,NA,NA,0,1,6,2,2,0,0,12,1,1
"494","727",2,NA,0.764834858076506,2.76563859369428,NA,1.10237505667183,NA,NA,NA,NA,NA,1,0,0,7,0,10,17,5,4,3
"495","73",6,0.949784760056528,NA,NA,NA,1.27212899362989,NA,2.01271104630359,NA,1.20156577862671,1.75671814724298,0,3,1,4,0,1,0,6,0,0
"496","735",4,1.88368012663939,1.71397455809572,NA,NA,1.88639322713035,1.43228257323966,NA,1.57003496687452,NA,NA,0,0,3,21,0,0,1,0,1,1
"497","74",6,NA,NA,NA,NA,NA,NA,0,NA,NA,NA,2,2,9,6,4,3,0,4,1,10
"498","746",9,0.891911660598396,1.58974673307464,1,NA,0.474187014346503,NA,NA,1.63880573080583,1.60573463540591,1.98026027665802,0,0,0,4,0,10,7,0,0,0
"499","752",2,NA,NA,2.68929620156643,NA,NA,0.0246473910966517,1.92577844393917,2.031815624285,NA,2,1,4,0,1,8,0,0,0,1,0
"500","763",4,NA,NA,NA,NA,3,0,NA,NA,NA,NA,1,7,1,8,0,0,1,2,6,1
"501","774",6,0,1.96621711929651,NA,NA,NA,NA,2.16857391811284,NA,NA,NA,0,0,2,4,5,1,0,6,5,14
"502","778",5,NA,NA,NA,1.00864582486041,1.18126204717873,2.07673740879161,1.56145228165907,NA,NA,2,2,1,1,0,0,0,0,2,1,0
"503","781",5,NA,NA,NA,0.760649091829099,NA,2.22456761704861,NA,1,NA,NA,2,5,1,0,2,0,6,0,2,6
"504","786",9,1.62178049015446,1,1.09368006403178,NA,NA,NA,NA,NA,1.12410687017937,2.75166869513594,0,0,0,1,16,1,3,1,0,0
"505","794",5,NA,NA,NA,NA,0.858107062863676,2.00143648478629,NA,NA,1.47028083633932,NA,12,1,1,4,0,0,2,3,0,13
"506","795",9,1,NA,NA,NA,NA,NA,NA,NA,NA,2,0,5,19,1,1,1,2,20,1,0
"507","799",5,NA,NA,NA,NA,NA,0,NA,NA,NA,NA,2,8,1,5,6,0,2,1,1,1
"508","8010",4,NA,NA,NA,NA,0,NA,NA,NA,NA,NA,11,7,3,3,0,1,8,3,1,7
"509","8011",8,NA,NA,NA,1,NA,NA,NA,NA,2,NA,2,2,2,0,2,2,3,1,0,1
"510","8012a",7,NA,NA,0.972029582028391,NA,NA,NA,1.09644947956951,2,1.80681304132442,NA,4,1,0,3,1,2,0,0,0,2
"511","8012b",7,NA,NA,NA,NA,NA,1.66609571852337,NA,2.51446638048484,1,NA,3,5,1,3,1,0,5,0,0,1
"512","8013",7,NA,0.788649733072811,1.86245821047378,NA,0.819312797941761,1.30761493603591,NA,2.77988217955436,NA,1.42330404124537,2,0,0,7,0,0,2,0,2,0
"513","8014",4,NA,NA,NA,NA,2,NA,NA,NA,NA,1,1,1,1,1,0,2,1,2,1,0
"514","8015",9,NA,1,NA,1.40796799705477,NA,NA,1.21212869815326,NA,NA,1.90730004566148,1,0,2,0,1,1,0,2,3,0
"515","8016",6,NA,NA,NA,NA,1.42593621340849,NA,2,0.326817084783647,NA,NA,1,10,1,6,0,4,0,0,4,2
"516","8018",5,NA,NA,NA,NA,NA,0,NA,NA,NA,NA,1,2,1,1,13,0,1,5,3,1
"517","8019",5,1.14615105706849,NA,NA,0.548622665861551,NA,2.67137846530134,1.28677894556416,NA,NA,NA,0,1,14,0,2,0,0,2,8,1
"518","8020",0,2.21932265842448,NA,1,NA,0.871756141172839,NA,0.956558667212075,NA,NA,NA,0,5,0,2,0,1,0,3,3,3
"519","8021",2,0.982113761399095,0.19069667559399,2,1.69544337662867,NA,NA,NA,NA,1.84365713896383,NA,0,0,0,0,4,3,1,1,0,2
"520","8022",3,NA,NA,NA,3,0,NA,NA,NA,NA,NA,2,1,2,0,0,2,1,1,4,2
"521","8023",9,1,NA,NA,NA,NA,NA,NA,NA,NA,2,0,2,2,2,8,1,1,3,4,0
"522","8024",0,2,NA,NA,1.27683049191059,1.93807277326744,NA,1.39203205395915,NA,NA,NA,0,1,1,0,0,1,0,2,3,1
"523","8026a",2,2.08467735639472,1.01576957779897,2.74149315120263,1.11750791710675,NA,NA,NA,NA,1.22826392139919,0.651990552707332,0,0,0,0,1,1,6,1,0,0
"524","8026b",2,2.09194683709727,1.22771390718224,2.18301063476928,0.685167226787691,NA,NA,NA,NA,NA,0.554665614610119,0,0,0,0,1,1,2,1,2,0
"525","8027",5,0.447123996185952,2.30233983817016,NA,NA,1.58862766147205,2.34832975200797,NA,NA,NA,NA,0,0,1,7,0,0,1,2,6,1
"526","8028a",8,NA,NA,NA,NA,NA,NA,NA,NA,0,NA,8,1,2,2,12,4,1,1,0,6
"527","8028c",4,NA,NA,NA,1.41196362959268,1.56766992401645,NA,NA,NA,1.55374274928178,NA,3,3,7,0,0,1,2,3,0,2
"528","8030",7,NA,1,NA,NA,NA,NA,NA,2,NA,NA,1,0,1,1,1,1,5,0,3,8
"529","8031",5,NA,0.73459157384557,1.42626042413007,1.49864263770277,NA,2,NA,NA,NA,NA,1,0,0,0,6,0,3,2,5,6
"530","8033",4,NA,NA,NA,1.83235868014179,2.24930805178042,NA,NA,1.23536146734251,0.108138862687786,1.29804286073417,16,1,4,0,0,11,4,0,0,0
"531","8035",6,1.62230291547181,NA,NA,NA,0.536002401245572,NA,2,NA,NA,0.295315757964773,0,1,4,1,0,10,0,1,2,0
"532","8040",0,2,NA,0.601708471102033,NA,NA,NA,1.55755385519769,NA,NA,NA,0,3,0,6,2,1,0,5,1,7
"533","8042",5,NA,NA,NA,NA,NA,0,NA,NA,NA,NA,3,1,3,4,1,0,1,1,2,2
"534","8043",9,1.12368156340855,1.13379879724239,2.14450305424727,2.48859193044259,NA,NA,NA,1.18207733409385,NA,2.55236169195451,0,0,0,0,7,2,5,0,4,0
"535","8047a",2,NA,1.49154653944555,2.74039394717565,NA,NA,1,NA,NA,NA,NA,1,0,0,1,1,0,1,1,16,1
"536","8047b",5,NA,1.3677142106273,NA,NA,NA,3,NA,NA,0,NA,5,0,1,2,2,0,2,2,0,8
"537","8049a",1,NA,2.3503738130384,1.83388811869545,NA,NA,NA,1.65741169217372,NA,1.40153559453454,0.808687062510571,1,0,0,6,20,6,0,2,0,0
"538","8049b",4,NA,NA,NA,NA,2,NA,NA,NA,NA,1,2,3,3,3,0,1,2,2,1,0
"539","8053a",5,1.26215292319752,2,1.58132949089539,NA,1.38966848435999,2.48450833730946,0.700689689322255,NA,NA,NA,0,0,0,9,0,0,0,1,1,1
"540","8053b",3,NA,2.04304564198486,NA,2.05944700031299,0.477038015350464,NA,NA,NA,1.70203288571828,NA,5,0,2,0,0,1,3,2,0,1
"541","8054",9,1.02793886415272,NA,NA,NA,NA,1.76474672842285,NA,NA,1,1.78921321085941,0,1,3,9,2,0,4,7,0,0
"542","8055",0,1.99943392596912,NA,1,NA,NA,NA,NA,1.12467095101555,NA,0.732229255837135,0,2,0,4,1,1,8,0,4,0
"543","8056",7,NA,1.94030303899285,2.04890934947232,NA,NA,0.673351262956061,NA,2.31699852742886,NA,1.19267854517359,1,0,0,4,1,0,4,0,5,0
"544","8057b",1,NA,3,NA,NA,NA,NA,NA,0,NA,NA,4,0,1,3,1,1,1,0,1,1
"545","8058",7,NA,NA,NA,0.773864880641834,0.635424292012534,2.46853557764549,1.82029543062296,2.65002889475135,NA,NA,1,17,1,0,0,0,0,0,5,1
"546","8059",4,0.18056400319232,NA,NA,NA,2.68130021778379,NA,1.06822330877236,NA,1.12814391293486,2.03237883786135,0,2,1,1,0,2,0,1,0,0
"547","805a",3,0.922380904113125,NA,NA,2.92480038125326,NA,NA,NA,NA,NA,1.4621782505734,0,2,1,0,12,1,15,1,3,0
"548","805b",4,0,NA,NA,NA,3,NA,NA,NA,NA,NA,0,1,2,3,0,1,4,3,1,1
"549","8060",1,1.74044934454616,2.41841547252306,NA,NA,NA,1,1.52479110640156,1.76087904769784,NA,NA,0,0,11,4,3,0,0,0,1,2
"550","8061a",6,NA,1.31381340498033,NA,1.24738980470132,NA,NA,2,NA,NA,1.1194812039855,1,0,1,0,4,6,0,2,3,0
"551","8061b",4,NA,NA,NA,NA,0,NA,NA,NA,NA,NA,4,3,3,1,0,2,2,3,2,3
"552","8065",9,NA,NA,NA,NA,1,NA,NA,NA,NA,2,9,1,4,1,0,5,1,3,2,0
"553","8066",9,NA,NA,NA,NA,NA,NA,1,NA,NA,2,4,3,4,4,1,12,0,5,5,0
"554","8067",5,1.44079346927465,2,NA,NA,NA,2.21470759865057,NA,1.24184730018181,0.620230612888893,NA,0,0,4,1,2,0,2,0,0,2
"555","807",7,0.930247330939521,NA,NA,NA,NA,NA,NA,2.20255119607521,1.13855185359372,0.314020946698442,0,10,5,1,2,1,2,0,0,0
"556","8070",7,NA,NA,NA,1.25947339375606,1.46471493448185,1.18079815447563,1.02026269835353,2.03301364995587,1.28436385277786,NA,1,1,7,0,0,0,0,0,0,1
"557","8071b",7,1.4701794113489,1.2760045259948,1.62488644778929,NA,1.43967589541533,0.433223716558815,NA,2.17927558417705,1.53808801731873,NA,0,0,0,2,0,0,1,0,0,9
"558","8072",6,0.547192892992209,0.810417690223872,2.37710945380559,NA,NA,1.83813918947163,2.45417882915519,NA,NA,NA,0,0,0,1,3,0,0,1,1,2
"559","8073",5,0.845097154955403,1.63824602361964,NA,1.49875800464021,1.51476754720615,2.07616129154578,0.688113990566941,2.06953490372891,NA,0.332427069285557,0,0,12,0,0,0,0,0,12,0
"560","8074",0,1.75561457524295,1,NA,NA,NA,NA,NA,1.59794394576854,1.55395794163513,NA,0,0,1,1,1,6,1,0,0,2
"561","8075a",0,2.38821278627915,0.137332443135452,NA,NA,1.94625084840389,2.34155144739384,NA,NA,NA,0.906749195472338,0,0,3,2,0,0,1,1,8,0
"562","8075b",6,NA,NA,NA,NA,1,NA,2.17359097749981,NA,NA,1.51642964153889,2,4,6,5,0,1,0,8,5,0
"563","8079a",6,0.535013102717823,NA,NA,1,NA,NA,2.14951300939557,NA,NA,NA,0,12,1,0,1,1,0,1,6,1
"564","8079b",2,NA,NA,2.29283940833767,NA,NA,1,NA,1.47233730327824,NA,NA,5,4,0,1,1,0,4,0,7,2
"565","8082",1,NA,2,NA,NA,NA,1,NA,NA,NA,NA,1,0,1,4,5,0,5,1,3,2
"566","8083",3,NA,NA,NA,3,NA,NA,NA,NA,NA,0,4,3,9,0,1,3,1,9,2,0
"567","8084",3,1.66727235199261,NA,0.254730053816847,2,1.00695139817323,1.31193769968646,NA,NA,NA,NA,0,1,0,0,0,0,1,1,22,8
"568","8086a",1,1.35660997010169,1.77160046490109,NA,NA,NA,NA,1.15750348605117,NA,1.13565999510278,NA,0,0,1,1,2,1,0,6,0,1
"569","8086b",5,NA,1.4757121023919,NA,1,1.02436009726401,2.00927887236182,NA,NA,NA,NA,4,0,4,0,0,0,1,1,2,1
"570","8088c",3,1.01877835028634,NA,2.02792189306864,2.18821794259754,NA,NA,0.80569736424127,NA,NA,NA,0,2,0,0,3,3,0,7,4,1
"571","8089",7,NA,NA,1.33266359276457,0.429431835130893,2.12433735689026,1.20129196416666,1.50221845051102,2.28688467854095,NA,NA,5,4,0,0,0,0,0,0,4,4
"572","8096",9,NA,NA,1.81149156222,NA,NA,NA,NA,0.677495720618462,NA,2.1085671367013,7,2,0,5,2,3,2,0,2,0
"573","8097",9,NA,1.52248998538711,NA,NA,NA,NA,NA,1.17272634404596,NA,2,3,0,6,5,4,3,4,0,1,0
"574","8098",2,NA,NA,2.26475903474534,1.87942973573516,NA,NA,1,NA,1.24827588941214,NA,1,1,0,0,9,1,0,4,0,4
"575","8099a",8,NA,0.415435653198596,NA,NA,1.61050262385008,NA,NA,NA,2.23725610801752,2,1,0,2,1,0,1,1,4,0,0
"576","8099c",5,1.14927956542747,NA,NA,NA,NA,2,NA,NA,1,NA,0,1,1,6,2,0,4,2,0,1
"577","8099d",2,NA,NA,2.37929459969181,NA,1.12654644693128,NA,NA,NA,1,1.71319908341831,1,1,0,2,0,4,2,2,0,0
"578","809a",7,0.202279187768064,NA,NA,NA,NA,0.977382413153199,NA,3,NA,NA,0,2,1,2,1,0,5,0,1,1
"579","809b",9,NA,NA,1,NA,NA,NA,NA,NA,NA,2,2,4,0,1,3,2,1,4,3,0
"580","81",5,NA,NA,NA,NA,NA,2,1,NA,NA,NA,2,2,5,3,4,0,0,1,7,1
"581","8102",7,NA,NA,NA,1.28690666285924,0,NA,NA,3,NA,NA,1,1,1,0,0,10,1,0,4,5
"582","8103",5,2.01936455705644,NA,NA,NA,1.49377474147479,3,NA,NA,0.437380498983317,0.519540872878673,0,11,1,5,0,0,1,1,0,0
"583","8105b",1,NA,3,NA,NA,NA,NA,NA,NA,0,NA,7,0,1,1,7,1,3,2,0,1
"584","8107b",1,NA,0,NA,NA,NA,NA,NA,NA,NA,NA,2,0,1,1,4,1,4,1,4,15
"585","8107c",8,NA,2,NA,NA,0.622125326770483,NA,NA,NA,2.4771931024697,NA,2,0,1,5,0,1,4,1,0,2
"586","8107d",0,2,NA,NA,NA,NA,NA,NA,1,NA,NA,0,1,4,1,4,5,1,0,8,8
"587","8108",1,NA,0,NA,NA,NA,NA,NA,NA,NA,NA,1,0,1,1,3,1,5,4,2,9
"588","8109",9,NA,NA,NA,0.0334605184220185,NA,1.89348810720911,NA,NA,NA,2.53472657099956,2,11,12,0,1,0,3,1,6,0
"589","8110",8,NA,NA,NA,NA,NA,0,2.23286290766448,0.514951906158147,2.54748894126156,1.68415609874606,4,1,5,2,2,0,0,0,0,0
"590","8111",9,NA,NA,NA,NA,NA,NA,NA,NA,NA,0,1,2,1,1,2,1,2,4,1,0
"591","8112",4,NA,NA,NA,NA,2,NA,1,NA,NA,NA,13,3,4,4,0,7,0,2,1,1
"592","8113a",0,3,NA,0,NA,NA,NA,NA,NA,NA,NA,0,1,0,8,1,7,5,1,1,5
"593","8113b",2,NA,NA,0,NA,NA,NA,NA,NA,NA,NA,1,11,0,1,1,4,1,10,8,2
"594","8115a",0,2,1.03449293955347,NA,NA,1,NA,1.26355180527444,NA,1.77545868712901,NA,0,0,3,3,0,1,0,1,0,6
"595","8115b",2,NA,NA,1.93868399665731,NA,1.02494432455344,1.41738830118466,NA,1.32034358635935,NA,NA,1,2,0,1,0,0,9,0,8,2
"596","8117",5,NA,NA,1.19441866566232,NA,NA,2,NA,1.71487098215797,NA,NA,2,1,0,1,1,0,9,0,1,2
"597","8118b",3,0.295728739225845,NA,NA,2.13475967970383,NA,NA,NA,NA,NA,1,0,5,2,0,11,1,5,1,1,0
"598","8118c",5,1.58717614678819,NA,1.26037296807837,NA,NA,2.36532558497873,1.43598719050975,1.89279464697888,0.602483917150733,1.69064102172167,0,9,0,7,4,0,0,0,0,0
"599","8118d",5,NA,NA,NA,1.93858719184542,NA,2.63306115416363,NA,0,NA,NA,7,9,1,0,11,0,3,0,6,5
"600","8122a",7,1.04728495115627,NA,1.43483427459995,NA,NA,NA,NA,1.53783539679371,1.35579350375006,NA,0,2,0,2,2,1,1,0,0,1
"601","8122b",4,NA,1.76298409971551,NA,NA,2,NA,NA,NA,1.37470575028586,1,1,0,2,2,0,1,1,11,0,0
"602","8126",1,NA,0,NA,NA,NA,NA,NA,NA,NA,NA,2,0,10,1,5,6,4,5,5,2
"603","8127",6,1.22511721712296,NA,1.85505005514737,NA,1.29131598717832,NA,1.86061137031214,1.13515617157252,1.42054216823934,NA,0,3,0,12,0,1,0,0,0,2
"604","8128",4,1.66920972241637,NA,NA,NA,1.95561631203,1.81105112115893,NA,NA,NA,1.22394401433405,0,1,3,1,0,0,1,4,1,0
"605","8129",7,0.136356444775069,NA,0.54033193614443,NA,NA,NA,NA,3,NA,NA,0,1,0,1,3,9,11,0,1,1
"606","8131",8,NA,0.618634125659401,NA,NA,NA,0.559630827428387,NA,2.0621502128322,2.10451525387861,1.74309466794285,3,0,1,1,3,0,10,0,0,0
"607","8132",4,1.54678639731889,1.33587815856553,NA,NA,1.72657926939165,1.38665376114129,NA,NA,NA,1.25039426111277,1,1,4,4,1,1,5,2,9,1
"608","8138a",4,1,NA,NA,NA,2.5293735021313,NA,NA,NA,1.82571613198794,1.01833697473493,0,1,2,1,0,2,8,1,0,0
"609","8138b",0,2.97896586817072,NA,1.51054686239021,NA,0.911061243609461,NA,NA,2.21375927997497,NA,NA,0,1,0,1,0,5,2,0,2,3
"610","8139",0,2.43936175577899,NA,NA,NA,0.367700769628149,1.96933520955591,1.46853074417058,NA,0.641732753690039,2.26931889823697,0,1,1,1,0,0,0,2,0,0
"611","8140",5,NA,NA,NA,1.16852921397146,1.40667144467617,1.57232291534625,0.988641421999445,NA,0.96256973127584,NA,9,1,9,0,0,0,0,1,0,5
"612","8142",7,NA,NA,NA,NA,NA,NA,1,2,NA,NA,1,1,1,3,5,2,0,0,1,3
"613","8145a",5,NA,NA,2,NA,0.641085412231365,2.02908521778745,NA,NA,1.61458826734605,NA,8,1,0,3,0,0,1,3,0,1
"614","8145b",1,NA,3,0,NA,NA,NA,NA,NA,NA,NA,3,0,0,3,1,1,3,1,1,2
"615","8145c",2,NA,NA,2.32748817397501,1.29275209482441,NA,NA,1.05304240866019,NA,1.45713561315998,1,6,4,0,0,3,1,0,4,0,0
"616","8146",1,NA,0,NA,NA,NA,NA,NA,NA,NA,NA,5,0,3,5,6,2,1,1,2,6
"617","8149a",3,NA,NA,NA,2,NA,1,NA,NA,NA,NA,2,1,2,0,1,0,2,2,4,1
"618","8149b",5,NA,NA,1.0552506024974,NA,1.2152166521535,2,NA,NA,NA,NA,3,1,0,2,0,0,1,22,3,1
"619","8150",1,NA,0,NA,NA,NA,NA,NA,NA,NA,NA,6,0,5,6,1,3,1,1,2,5
"620","8153",7,NA,NA,NA,1,NA,NA,NA,2,NA,NA,3,1,1,0,9,10,3,0,6,1
"621","8154",0,1.99551797295161,NA,1.63693986951833,1.34144523996005,1.19270390998512,NA,NA,NA,NA,1.00926604375354,0,2,0,0,0,4,5,11,4,0
"622","8156",6,NA,1.5539836306374,NA,NA,1,NA,1.99728393701749,NA,NA,1.94244748166917,6,0,4,1,0,2,0,2,1,0
"623","8157",7,NA,2.23510502945108,NA,NA,0,NA,NA,2.38345106260054,NA,2.24324086104514,3,0,2,8,0,1,3,0,1,0
"624","8158",3,0.290395995320351,NA,0.512865951652786,3,NA,NA,NA,NA,NA,NA,0,9,0,0,1,4,1,5,2,5
"625","8159a",9,NA,NA,NA,1.18507065930934,NA,NA,NA,NA,1.22087067502792,2,1,3,1,0,2,3,1,17,0,0
"626","8159b",0,0,NA,NA,NA,NA,NA,NA,NA,NA,NA,0,2,1,4,10,10,2,3,3,1
"627","8159c",0,2,NA,NA,NA,NA,NA,1,NA,NA,NA,0,1,1,1,1,1,0,2,1,4
"628","8159d",8,NA,NA,0.540416337002431,NA,NA,NA,NA,1.57935863027233,2.72159097195966,0.840245726733493,3,5,1,7,4,2,2,1,1,1
"629","8161b",1,NA,3,NA,NA,NA,NA,0.741523633815011,NA,NA,1.68714854813596,2,0,2,4,10,1,0,2,3,0
"630","8162",7,NA,NA,NA,1.4458269791627,1.00356235482758,NA,NA,2,1.43631284167258,NA,1,1,2,0,0,12,2,0,0,7
"631","8163a",6,1.12528032044149,1.55519712937496,1.24166090013075,0.630397627535613,NA,NA,1.63765271946196,NA,NA,NA,0,0,0,0,4,1,0,4,5,2
"632","8163b",8,NA,NA,NA,NA,NA,NA,NA,NA,2,1,2,1,1,1,2,11,1,1,0,0
"633","8163c",5,0.518125160730247,NA,0.60295329920159,NA,NA,2.90754852394907,2.35438501253425,NA,NA,NA,0,1,0,5,2,0,0,2,3,1
"634","8164",9,NA,1.65844703100318,NA,1.32628623096972,NA,NA,2.09859889674871,0.716402839961437,NA,2.51609430405204,5,0,1,0,3,1,0,0,1,0
"635","8165",1,1.54052596554545,3,NA,NA,0.391360601321853,NA,NA,NA,1.44838248398001,NA,0,0,1,4,0,7,2,1,0,1
"636","8167",8,NA,1.9573960326999,1.05283991065619,NA,NA,1,NA,NA,2.30640112807133,NA,7,0,0,3,1,0,1,9,0,13
"637","8168",3,NA,NA,NA,2.01363398935669,1.19310138341145,NA,1.13232039318119,1.48810929597485,NA,1.77285677111927,1,1,1,0,0,2,0,0,8,0
"638","8169a",7,NA,NA,NA,NA,NA,NA,NA,0,NA,NA,1,1,1,2,1,2,1,0,1,1
"639","8169b",5,NA,1.45078544448915,NA,NA,0.721291283399262,1.73754183651121,NA,NA,NA,1.35993192315534,1,0,1,7,0,0,6,1,4,0
"640","8170",4,NA,NA,1.15535438075173,NA,2.16433368032061,NA,1,NA,NA,NA,18,2,0,2,0,2,0,1,1,8
"641","8171",0,2.79481334003057,NA,NA,1.74619026775153,NA,NA,NA,0.801991797454809,1.10238023180775,NA,1,10,5,1,2,2,2,1,1,16
"642","8172a",0,2,NA,NA,NA,NA,NA,NA,NA,NA,1,0,2,2,2,1,5,1,2,3,0
"643","8172c",2,NA,NA,1.95449038126955,1.16512040216755,NA,NA,1,NA,NA,1.92335390047341,2,9,0,0,4,5,0,10,13,0
"644","8172d",5,1.48227134470777,NA,NA,1.19040688929388,0.518306463241488,1.9770562256938,1.60696932216285,NA,1.52720852598667,NA,0,2,1,0,0,0,0,3,0,2
"645","8172f",2,NA,NA,2,1,NA,NA,NA,NA,NA,NA,6,4,1,1,5,3,6,3,4,5
"646","8174",0,2,NA,1,NA,NA,NA,NA,NA,NA,NA,0,1,0,1,2,1,5,1,3,2
"647","8177",1,1.98774396590071,2.31445588957891,1.07116770295919,1,NA,1.78391667752157,NA,1.73985420150583,NA,NA,0,0,0,0,41,0,8,0,1,5
"648","8178",7,NA,NA,NA,1,NA,NA,1.40265554134605,2,NA,NA,1,8,1,0,1,3,0,0,7,1
"649","8179",4,0,NA,NA,NA,3,NA,NA,NA,NA,NA,0,1,1,2,0,1,2,2,3,8
"650","817a",7,NA,NA,0,NA,2.1031475778805,NA,NA,2.99471949270035,NA,NA,5,13,0,2,0,8,1,0,1,1
"651","817b",5,NA,1.69531505011882,0.0623136288897116,NA,NA,2.28563384371669,NA,NA,NA,NA,1,0,0,1,2,0,2,10,5,1
"652","8180",4,NA,0,NA,NA,2.57210434506954,NA,NA,NA,2.31880694051638,NA,1,0,6,1,0,1,5,1,0,4
"653","8182",4,NA,2.09684400687128,1.69154720673205,1.90882928357236,2.10414920062094,NA,NA,1.46046112997799,1.21392547333335,0.821918190529163,2,0,0,0,0,2,2,0,0,0
"654","818a",5,NA,NA,1,NA,NA,2,NA,NA,NA,NA,1,6,0,4,2,0,8,9,2,2
"655","818b",5,1.3954384871104,NA,NA,1.28688612896288,NA,1.9653361458283,1.93148084493693,NA,NA,NA,0,1,2,0,2,0,0,2,3,5
"656","8190",7,2,NA,NA,NA,NA,NA,NA,2.28754544501506,NA,1,0,10,1,8,3,1,3,0,2,0
"657","8191",1,NA,1.8732740416804,NA,NA,1.46254204017042,1.57975725482421,NA,NA,1.69262633898889,NA,1,0,2,2,0,0,1,1,0,3
"658","8193",7,NA,NA,NA,NA,NA,0.87021323559957,0.888466947202529,2.1606798788264,2,NA,1,6,1,4,1,0,0,0,0,8
"659","8198",1,NA,2.37316288668895,NA,1.41530287880465,NA,NA,NA,1.32544261961146,1.79860346518645,0.0459775611497459,2,0,4,0,1,2,5,0,0,0
"660","82",0,2,NA,NA,1,NA,NA,NA,NA,NA,NA,0,1,7,0,3,3,18,7,4,2
"661","8201",3,0.963715090644836,1.95877729071324,NA,2.04175409714611,1.3470306604174,NA,0.623028134195736,0.790160926243123,1.37888942725212,NA,0,0,2,0,0,11,0,0,0,1
"662","8203",1,1.86171498931084,2,NA,1.7642523482894,1.11691659297922,1.569719968686,NA,NA,NA,NA,0,0,4,0,0,0,2,1,1,8
"663","8204",1,NA,3,NA,0.694565944460568,0.58327026231275,NA,NA,NA,NA,NA,1,0,2,0,0,1,1,3,2,7
"664","8206",4,NA,NA,2.07634738787761,NA,2.54576209380067,NA,1.76247711898123,NA,1.5188668273957,0.531112075394618,4,2,0,3,0,1,0,2,0,0
"665","8207",8,1.37440838322446,1.79650975321953,NA,NA,NA,NA,NA,NA,2,1.45873882831913,0,0,4,1,2,4,2,1,0,0
"666","8208",6,NA,NA,NA,NA,NA,NA,0,NA,NA,NA,6,2,6,2,1,9,0,2,1,2
"667","8209",2,1.85178290664973,NA,1.90724362437401,1.85438999213124,NA,NA,0.606862221482576,1.6599940526483,1.05897566214809,NA,0,3,0,0,1,2,0,0,0,1
"668","8210",0,3,NA,NA,NA,NA,NA,2.6742847523872,NA,NA,0,0,1,1,4,1,2,0,4,1,0
"669","8211",9,NA,NA,NA,NA,1,NA,NA,NA,NA,2,17,1,2,1,0,1,2,1,1,0
"670","8212",9,2.02586628834688,1.23737795202299,NA,0,NA,1.43839006237551,NA,NA,NA,2.1073046424028,0,0,2,0,1,0,6,3,9,0
"671","8215",3,NA,1,1.33264565413672,2.05575156969572,1.1514567802417,1.6971378461384,0.791671813145265,NA,1.48822171650855,NA,3,0,0,0,0,0,0,1,0,10
"672","8216",5,NA,NA,NA,NA,NA,2.38368964355949,0.0464270932241744,NA,NA,1.98117616533194,3,4,5,4,1,0,0,1,4,0
"673","8217",2,1.44836103009688,0.886193154459407,2,1.77635778229164,NA,1.57833166596047,NA,NA,NA,1.54172839038055,0,0,0,0,1,0,4,3,2,0
"674","8218",1,NA,0,NA,NA,NA,NA,NA,NA,NA,NA,6,0,2,2,2,5,1,4,2,1
"675","8219",2,NA,NA,2.01900546500983,NA,0.208157319508797,1.49012743170189,NA,1.29179250579436,NA,NA,1,2,0,3,0,0,3,0,1,5
"676","8221",1,NA,1.90485731626137,1.5461235200022,NA,NA,NA,1,NA,NA,NA,2,0,0,2,1,2,0,5,1,1
"677","8222a",6,NA,NA,1.59239367993786,NA,NA,0.995028761494707,2,NA,1.0204771576138,NA,1,1,0,1,8,0,0,1,0,1
"678","8222c",7,NA,1.53531291953876,NA,1.26550957649559,1.34218009545826,NA,1.13459766806702,2.9975215285692,0.93716414708962,NA,2,0,5,0,0,1,0,0,0,9
"679","8222d",1,NA,2,NA,NA,NA,1,NA,NA,NA,NA,2,0,7,1,2,0,2,4,4,5
"680","8223",9,NA,NA,NA,NA,NA,NA,NA,NA,NA,0,4,1,8,2,1,7,7,5,2,0
"681","8224",5,NA,NA,NA,NA,NA,2,NA,NA,NA,1,2,2,1,9,1,0,2,1,3,0
"682","827",6,NA,NA,NA,1,NA,NA,2,NA,NA,NA,2,1,1,0,1,1,0,1,3,3
"683","829",0,2,NA,NA,NA,NA,NA,NA,1,NA,NA,0,1,5,1,1,15,1,0,5,2
"684","8300",4,0,NA,NA,NA,3,NA,NA,NA,NA,NA,0,14,3,3,0,1,4,1,9,1
"685","8301",9,NA,NA,NA,NA,1,NA,NA,NA,1.37832465256001,1.87422647052767,9,1,5,2,0,7,1,12,0,0
"686","8302",5,0.123203010931314,0.395171307079751,NA,1.58423806656608,NA,3,NA,1.16012540285966,NA,NA,0,0,1,0,1,0,1,0,3,1
"687","8303",1,NA,2,NA,1,NA,NA,NA,NA,NA,NA,10,0,1,0,2,1,12,1,4,2
"688","8304",1,NA,2,NA,NA,NA,NA,1.3489243832677,NA,1.13159195445877,NA,5,0,1,6,3,4,0,7,0,1
"689","8305",2,NA,NA,0,NA,NA,NA,NA,NA,NA,NA,3,4,0,1,2,1,1,1,2,1
"690","8306",6,NA,0.53654454435122,1.38295039247735,1.96648329321129,NA,1.05888867349866,2.46940260304156,2.15892738872917,NA,NA,9,0,0,0,1,0,0,0,5,1
"691","8308",7,NA,1,NA,0.571386387843802,NA,NA,NA,1.8242656078035,1.15392611175914,NA,2,0,3,0,1,1,5,0,0,4
"692","8309",0,2.65820624933461,NA,0.33366558651965,2.43357883615535,1.17916563041739,NA,NA,1.43875778399046,NA,NA,0,1,0,0,0,1,4,0,2,1
"693","8311a",6,NA,NA,1.80706251155075,0.552110015058711,2.14060582132269,1.49221994198392,2.18111146487573,NA,1.57267575434788,1.21865076996753,1,2,0,0,0,0,0,3,0,0
"694","8311b",1,NA,2.23831487798691,NA,1.59153995472353,1.37759714084649,NA,1,NA,NA,NA,1,0,1,0,0,1,0,7,4,1
"695","8312",6,NA,1.97490545379146,1.34032148206712,NA,NA,NA,2.46073054441524,0.118389774182025,1.70662896693523,NA,1,0,0,1,6,17,0,0,0,8
"696","8313",7,NA,NA,NA,NA,NA,0.989695599301462,NA,2,NA,1.50246227254291,1,7,3,4,2,0,5,0,1,0
"697","8314",7,NA,NA,NA,NA,NA,NA,NA,0,NA,NA,1,4,1,3,1,1,3,0,1,4
"698","8315",4,1.54161135862724,1.16417557483929,NA,NA,2.01152196593556,1.75188561017415,1.69917952563004,1.76840970861264,NA,NA,0,0,1,2,0,0,0,0,2,1
"699","8316",6,NA,1.36126618680675,0.449753647340478,NA,0.436456543601657,0.985403357153076,1.65113237526348,1.39724950691297,1.61158959452637,NA,1,0,0,11,0,0,0,0,0,2
"700","8317",8,1.64346988085902,NA,NA,0.438352516315817,NA,2.18484733438668,NA,NA,2.25186435383518,2.22022371474769,0,1,10,0,3,0,9,1,0,0
"701","8319",7,1,NA,1.5573992345756,NA,0.963778001566856,NA,NA,1.83542529094245,NA,1.7441792713663,0,4,0,1,0,1,2,0,4,0
"702","8320",2,NA,NA,3,0.0979010813947362,NA,1.78349638018443,NA,NA,NA,NA,9,5,0,0,1,0,2,2,4,14
"703","8321",7,NA,NA,NA,NA,NA,1,NA,2,NA,NA,4,1,5,11,4,0,2,0,7,2
"704","8322",7,1.62393337944013,1.69320489116126,NA,NA,2.02133722293513,NA,NA,2.10094141342279,0.265428747159522,NA,0,0,1,2,0,4,1,0,0,3
"705","8323",8,NA,0,NA,1.55182304970073,1.71284816793857,NA,NA,NA,3,NA,2,1,2,1,1,5,6,7,1,7
"706","8324",6,NA,NA,NA,NA,NA,NA,0,NA,NA,NA,1,1,1,4,1,2,0,1,5,5
"707","8325",8,NA,NA,NA,0.719360057295055,1.00220723626778,NA,NA,NA,2.33260879689311,1.36953443635512,4,1,1,0,0,6,1,15,0,0
"708","8326",0,2,NA,NA,NA,NA,NA,NA,NA,NA,1,0,3,2,1,1,2,2,1,7,0
"709","8327",5,NA,2,NA,NA,NA,2.60089807602384,1.20297814739103,1.14564215803675,NA,1.1140547380144,2,0,4,4,3,0,0,0,7,0
"710","8329",0,2,NA,NA,NA,1.51643546286381,1,NA,NA,NA,NA,0,1,10,1,0,0,5,1,1,2
"711","833",7,NA,NA,NA,NA,0.378065161090116,NA,0.991590168740079,2.59959114325188,NA,2.05736185160969,1,1,3,12,0,3,0,0,23,0
"712","8330",3,NA,1,NA,2,NA,NA,NA,NA,NA,NA,4,0,7,0,1,4,1,15,1,3
"713","8331",7,NA,NA,NA,NA,NA,NA,NA,2,0.907444567796679,1.57492207917844,1,2,2,6,2,1,2,0,0,0
"714","8332",4,NA,1.74739426784036,0.00110436018642799,NA,2.10568814810871,1.81877118189785,1.47574470632888,NA,NA,NA,2,0,0,2,0,0,0,2,4,3
"715","8333a",9,NA,NA,1,NA,NA,NA,NA,NA,NA,2,3,7,0,1,2,1,2,12,4,0
"716","8333b",4,NA,NA,NA,1,2,NA,NA,NA,NA,NA,4,3,2,0,0,5,2,9,1,4
"717","8334",2,NA,NA,0,NA,NA,NA,NA,NA,NA,NA,1,2,0,1,1,1,12,1,2,5
"718","8335",3,NA,1.60646397599887,NA,2.78672141665773,NA,1.34102524123892,NA,0.387302061738764,1.93590208021391,NA,4,0,1,0,3,0,4,0,0,5
"719","8336",5,NA,NA,1.84763615981799,NA,1.36852431645181,1.95190437081548,1.32501446888498,NA,NA,NA,3,2,0,6,0,0,0,4,4,1
"720","8337",7,NA,NA,1.6257140247417,NA,1.70088449496129,1.49484991431168,NA,2.03141020353379,NA,1,3,1,0,2,0,0,2,0,6,0
"721","8338",3,1,0.983694243894909,NA,1.92809535040884,NA,NA,NA,NA,1.20803500215023,NA,0,0,1,0,12,1,8,5,0,5
"722","8339",4,1,NA,NA,NA,2.4517155182557,1.48745210822191,NA,NA,NA,NA,0,1,1,1,0,0,1,1,1,4
"723","834",7,NA,NA,NA,NA,NA,NA,NA,2,NA,1,1,10,1,2,5,2,5,0,1,0
"724","8340",3,1,NA,NA,2,NA,NA,NA,NA,NA,NA,0,1,2,0,3,2,1,1,2,3
"725","8341",0,2,NA,1.17624804510887,NA,NA,NA,NA,NA,NA,1,0,10,0,9,4,2,1,1,2,0
"726","8342",7,1.8689145763949,NA,NA,NA,NA,NA,0,2.61307870988136,NA,NA,0,4,1,6,1,4,0,0,2,1
"727","8343",0,2.20324087702643,1.41618103941535,0.502285887081954,NA,0.551192254088231,NA,NA,NA,NA,NA,0,0,0,1,0,2,2,1,1,3
"728","8344",0,2.631430521933,NA,NA,0.756877861693814,0.715692773120146,NA,NA,1.92935527729931,NA,NA,0,9,4,0,0,5,3,0,3,8
"729","8345",4,NA,NA,1.41984059885719,1.10585098021685,1.56414058253443,NA,NA,NA,NA,NA,8,6,0,0,0,2,9,3,5,1
"730","8347",2,1.41156268937336,NA,3,0.0686052353618135,NA,NA,NA,NA,NA,1.35630303455244,0,1,0,0,9,1,1,1,5,0
"731","8348",2,NA,1.39086606925224,2.37149414941669,NA,1.34347393436747,0.485821959311661,0.245337445232361,NA,NA,NA,1,0,0,2,0,0,0,1,4,7
"732","8351",1,NA,2.05457873901244,1.52788978638378,NA,0.348310954567163,1.97758470659948,NA,1.14259268295266,NA,NA,1,0,0,8,0,0,10,0,1,8
"733","8352",5,1.8061857992742,NA,NA,1.10800740101354,NA,2,NA,1.66301800379802,1.44035793210414,1.65508712960016,0,3,8,0,2,0,1,0,0,0
"734","8353",0,2.15168581191343,NA,NA,1.6878660836996,0.486937733106894,NA,NA,1.88257802748923,NA,NA,0,1,1,0,0,1,2,0,1,1
"735","8354",1,NA,2,NA,NA,NA,NA,NA,NA,1,NA,1,0,3,2,2,1,1,2,0,3
"736","8356",1,NA,2,NA,NA,NA,NA,NA,NA,NA,1,1,0,1,1,8,4,2,2,6,0
"737","8357",5,NA,NA,NA,NA,NA,2.68653963510613,NA,2.47055288229312,0.0928210336814158,1.45482536544849,2,8,1,2,4,0,8,0,0,0
"738","8358",8,NA,NA,1.74955255940613,NA,NA,0.244477608370749,1.06254024845437,NA,3,NA,1,6,0,11,1,0,0,1,0,4
"739","8361",8,NA,NA,2.09285263386842,NA,NA,0,NA,1.50686656965252,2.22631289254499,NA,9,2,1,6,3,1,2,1,1,5
"740","8364",5,NA,1,NA,NA,NA,2,NA,NA,NA,NA,4,0,2,1,2,0,1,7,2,1
"741","8365",5,NA,NA,1.73573326680451,NA,NA,2.33467750226996,1.3640252386547,1.1248999386304,NA,1.23988908815608,1,1,0,3,3,0,0,0,5,0
"742","8366",9,0.810917458722149,NA,1.11747686593649,NA,NA,NA,1.42258187389119,NA,NA,2,0,1,0,3,1,5,0,2,6,0
"743","8367",0,3,NA,NA,0.602437081664154,0.735453258694669,NA,NA,NA,NA,NA,0,5,2,0,0,4,4,3,1,8
"744","8368",4,2.24635049296901,0.4272926181201,0.866134491974698,NA,3,NA,NA,0.842347211779185,NA,NA,0,0,0,2,0,2,8,0,1,2
"745","8369",6,NA,NA,NA,1.20582671997874,NA,1,2,NA,1.67725148889938,NA,6,1,4,0,1,0,0,1,0,2
"746","837",4,NA,NA,NA,1.62065555816244,2.574542229946,NA,0.251505453852697,NA,1.5232346232362,NA,1,13,1,0,0,1,0,1,0,6
"747","8370",0,2.13390428486677,0.928659292983269,NA,NA,NA,NA,1.69154702648633,NA,NA,1.15642675617374,0,0,4,5,1,1,0,2,4,0
"748","8371",5,NA,NA,NA,0.480011689836141,NA,3,NA,0.561129781342557,NA,NA,3,2,2,0,7,0,1,0,1,3
"749","8372",1,NA,0,NA,NA,NA,NA,NA,NA,NA,NA,4,0,2,2,4,3,1,3,12,7
"750","8373",3,1.11770466854963,NA,1,2.61783218482481,NA,NA,NA,NA,NA,NA,0,1,0,0,10,2,3,4,2,3
"751","8374",0,1.88763004612354,1.48537109270416,0.974814149764618,NA,1.53153833105415,NA,1.74312314705972,0.8014913863194,1.09657728294993,1.0958966799238,0,0,0,3,0,1,0,0,0,0
"752","8377",8,NA,0.831078271826318,2.43527364509475,0.576116733509301,NA,1.32754686945742,NA,NA,2.46083401482861,NA,1,0,0,0,1,0,1,1,0,2
"753","8378",1,NA,0,NA,NA,NA,NA,NA,NA,NA,NA,2,0,3,1,1,2,2,1,1,8
"754","8379",8,NA,1.08505010967417,NA,NA,NA,NA,NA,NA,2.4672462513943,1,2,0,2,3,3,4,1,3,0,0
"755","838",8,NA,0.412356581103203,1.60744445739244,0.721311994450146,NA,1.27165513123163,NA,NA,2.35673634305979,0.710408574686269,2,0,0,0,1,0,1,1,0,0
"756","8380",3,NA,NA,NA,0,NA,NA,NA,NA,NA,NA,1,1,8,0,2,7,2,1,8,11
"757","8381",7,NA,1.13557049449323,NA,NA,NA,1.49374316662279,0.711752684750107,2.52264120072559,NA,NA,1,0,1,4,19,0,0,0,1,1
"758","8382",9,NA,1,NA,1.5973994364883,1.98799883080463,NA,NA,NA,NA,2.09119032755038,3,1,2,1,1,3,3,3,3,1
"759","8384",7,NA,NA,2.14791389311176,NA,NA,NA,NA,2.2918463458593,0,NA,3,7,1,21,2,3,2,1,1,2
"760","8385",0,2.69887624463552,NA,NA,NA,1.57300665931211,NA,NA,0,NA,NA,0,18,2,1,0,3,2,0,4,1
"761","8386",0,2.59954804461246,NA,2,2.41636659039984,NA,NA,NA,NA,1,NA,0,2,0,0,2,2,4,16,0,7
"762","8387",9,NA,NA,NA,NA,NA,1,NA,NA,NA,2,1,1,2,1,4,0,2,2,1,0
"763","8388",3,NA,NA,NA,0,NA,NA,NA,NA,NA,NA,1,13,1,0,3,3,1,1,5,1
"764","8389",6,NA,0,NA,NA,NA,NA,3,NA,NA,NA,2,0,2,1,2,1,0,9,6,2
"765","8391",0,3,NA,NA,NA,NA,NA,NA,NA,NA,0,0,1,4,4,1,6,6,1,1,0
"766","8393",6,NA,NA,1.51375394906255,1.64007121509094,1,NA,1.81981869177224,1.56402070837805,NA,NA,2,6,0,0,0,1,0,0,2,2
"767","8394",2,1.57311855570335,1.96210496521079,2.57033538513852,1.84165296831755,NA,NA,NA,2,NA,0.0633101263760567,0,0,0,0,3,1,1,0,16,0
"768","8395",3,1.55836161132147,NA,NA,1.89870267794823,1,NA,NA,1.84659307456408,NA,NA,0,12,1,0,0,1,3,0,3,1
"769","8396",3,NA,NA,NA,2,NA,NA,NA,NA,NA,1,6,3,3,0,1,2,1,1,1,0
"770","8397",7,NA,NA,NA,NA,NA,NA,NA,0,NA,NA,1,1,1,2,3,2,3,0,1,1
"771","8399",8,NA,NA,NA,NA,NA,NA,NA,NA,0,NA,1,22,1,2,9,3,14,1,0,3
"772","8400",2,0,NA,3,NA,NA,NA,NA,NA,NA,1.60996139562624,0,1,0,32,1,8,1,9,1,0
"773","8401",4,2,1.73600780234112,NA,NA,2.07230342116462,NA,1.14722062114946,NA,1.21385683236152,NA,0,0,1,2,0,6,0,4,0,1
"774","8402",6,1.06002577311052,0.824077760006124,NA,NA,NA,1.57181399218428,2.17921113932911,1.32756087561149,NA,1.1465279789311,0,0,1,1,8,0,0,0,4,0
"775","8404",7,1.83792797928357,NA,NA,NA,1.04287142851311,2,NA,2.46156971734582,NA,NA,0,6,2,1,0,0,6,0,2,5
"776","8406a",5,NA,NA,NA,NA,NA,0,NA,NA,NA,NA,1,1,6,4,7,0,3,4,10,2
"777","8406b",8,1.32495159684138,NA,NA,NA,1.49425441426055,NA,NA,1.3538141521753,2.77419481319458,NA,0,2,1,1,0,5,7,0,0,1
"778","8406c",8,1.38334985430339,NA,NA,NA,NA,1.04829886694263,NA,0.145522278836471,2,NA,0,1,1,1,4,0,8,0,0,2
"779","8407",5,NA,NA,0,NA,NA,3,NA,NA,NA,NA,8,4,0,1,2,0,1,1,2,2
"780","8408",7,NA,NA,1,0.655296742706087,NA,NA,NA,2.46738217304864,NA,NA,1,4,0,0,6,1,5,0,1,1
"781","8409",3,NA,1.5513850202606,NA,2.70489357543392,NA,0.361839704581513,NA,NA,0.591308073227341,NA,1,0,4,0,1,0,10,1,0,4
"782","8410",5,1,NA,NA,NA,NA,2,NA,NA,NA,NA,0,5,1,3,1,0,1,5,3,3
"783","8414",2,NA,NA,2,0.990286458439833,1.74712723502904,1.31952699620456,NA,NA,NA,NA,1,2,0,0,0,0,2,5,4,1
"784","8415",8,NA,NA,1.91226274761241,1.93393123533041,NA,NA,0,0.729622135051141,2.01773090703649,NA,2,8,0,0,1,6,0,0,0,1
"785","8416",4,NA,0,1.64993499663045,NA,2.6956756305922,NA,NA,NA,NA,NA,10,0,0,3,0,9,4,1,2,1
"786","8417",0,2.16489550108494,1.4134716777601,NA,NA,NA,0.67682085662271,NA,NA,1.70500702312259,1.44248963175351,0,0,3,2,2,0,3,1,0,0
"787","8418",6,1.14648979725521,NA,NA,NA,NA,0.884611638167044,2.05008433049012,0.560812629282619,NA,1.54807426824299,0,2,7,5,1,0,0,0,3,0
"788","8420",7,1.53490072730428,NA,NA,1.15049842970356,1.58962816004645,0.908519822081194,NA,2.28516735106882,2,NA,0,2,4,0,0,0,2,0,0,1
"789","8423",7,NA,NA,NA,NA,NA,NA,NA,0,NA,NA,1,1,2,4,5,1,2,0,4,1
"790","8425",2,NA,0.723621425412344,1.8432375730566,NA,1.71581402565672,NA,NA,1.69045906943145,NA,1.52070332672417,1,0,0,4,0,2,2,0,2,0
"791","8426",7,NA,NA,0.983429364431145,1.63416070503789,NA,1.69541670234634,NA,2.08528815817439,1.3570910887498,NA,1,3,0,0,3,0,1,0,0,8
"792","8427",1,NA,2.18492084896831,1.72302164648334,1.28838018970989,1.31666112929029,1.4105209854102,1.1751032763105,1.47819033329219,NA,1.85418465240612,2,0,0,0,0,0,0,0,4,0
"793","8428",8,NA,NA,NA,1.43457252336652,2.11555581261189,0.646282582321402,NA,0.772443170437896,2.30127607013901,NA,1,2,1,0,0,0,3,0,0,1
"794","8429",4,NA,NA,NA,1.80762616927417,1.82897054639712,NA,1,NA,NA,NA,3,2,6,0,0,4,0,2,4,6
"795","8430",4,NA,NA,NA,NA,2,NA,NA,1,NA,NA,4,3,2,1,0,3,5,0,1,2
"796","8431",0,2.63502148445816,NA,1.87154771868972,NA,NA,0.726521939973843,NA,1.05101898403078,NA,NA,0,6,0,4,5,0,5,0,1,2
"797","8432",1,NA,3,NA,NA,NA,NA,NA,0,NA,NA,1,0,1,2,3,4,4,0,2,3
"798","8433",3,NA,NA,1,2.83049370547551,NA,NA,0.618676182982699,NA,NA,NA,8,8,0,0,16,1,0,1,3,5
"799","8434",6,NA,1.1493629548416,1.68721391671744,1.611449642973,1.1148701559268,NA,1.86284951981904,1.0412189177059,NA,NA,1,0,0,0,0,3,0,0,1,1
"800","8435",1,1.1869229405833,2.31186020461785,NA,1.80576211789552,NA,NA,NA,NA,1.61108435720263,NA,0,0,3,0,1,1,2,3,0,4
"801","8436",0,2.19850489288742,NA,0.415423610620968,NA,NA,NA,NA,NA,2,1.5393463167058,0,1,0,1,2,2,2,2,0,0
"802","8437",8,1.85974423696287,NA,NA,NA,NA,0.603467410557555,1.65146309436795,NA,2.69821475768717,NA,0,4,2,1,1,0,0,1,0,3
"803","8442",3,NA,NA,1.74209700055202,2.20355532969523,1.91146020862137,NA,1.80090201617921,NA,0.216845224457824,NA,3,1,0,0,0,5,0,3,0,2
"804","848",7,NA,NA,NA,NA,NA,NA,NA,0,NA,NA,3,2,1,2,1,1,1,0,2,6
"805","8500",2,NA,NA,2.61501773816563,2,NA,2.34411195506561,NA,1.5355777498322,0.629085906346341,1.41596050355725,1,1,0,0,10,0,1,0,0,0
"806","853",9,NA,1.88277223923163,NA,NA,NA,0.456610493381457,NA,NA,NA,2,6,0,8,4,7,0,1,3,5,0
"807","857a",7,1.60816607246689,1.50484152637483,NA,1.43643490431126,NA,0.693062123872669,1.18859016570825,2.42176706241879,NA,NA,0,0,3,0,1,0,0,0,1,2
"808","857b",3,NA,NA,NA,2.06554290929042,0,NA,1.53942812426565,NA,NA,NA,1,2,2,0,0,4,0,3,2,1
"809","857c",8,NA,2.05868499947726,NA,NA,0.148610433861053,NA,NA,NA,2.34870887034489,0.498782511865829,2,0,1,2,0,1,5,2,0,0
"810","857d",3,NA,2.09201427422867,NA,2.35885639023853,1.37157634767474,0.586230486006567,1.45300304786697,NA,NA,NA,1,0,2,0,0,0,0,4,12,4
"811","868",9,NA,NA,NA,NA,NA,NA,NA,1,NA,2,2,1,1,3,1,3,3,0,4,0
"812","869",8,NA,NA,NA,NA,2,0.969330988646275,NA,NA,2.00862740828349,NA,10,9,3,2,0,0,1,2,0,1
"813","871",0,3,NA,NA,NA,1.02501318475278,NA,NA,NA,NA,0.881427754315778,0,1,14,6,0,2,2,4,7,0
"814","877",0,2.58112334624534,0.685574739156148,NA,NA,NA,1.98203823780963,NA,NA,NA,NA,0,0,2,7,3,0,1,1,1,7
"815","878",3,1,NA,0.967118435049769,2.48425560988392,NA,NA,NA,NA,1.52617003268054,NA,0,4,0,0,1,6,6,7,0,2
"816","889",5,NA,1.5621939967478,NA,1,NA,1.70916122798845,NA,NA,NA,NA,3,1,7,1,3,1,3,2,3,5
"817","893a",7,NA,1.45576719586836,0.748009719269329,1.5674061702013,NA,NA,NA,2.35448459019336,NA,1.53845934279554,6,0,0,0,18,3,1,0,1,0
"818","893b",9,NA,NA,NA,0.852340746492543,NA,NA,1.77811625437316,NA,NA,2.73127164883505,6,3,5,1,4,2,1,2,3,1
"819","899a",0,2,1,NA,NA,NA,NA,NA,NA,NA,NA,0,0,1,10,4,1,2,3,1,10
"820","899b",1,1.74212958696723,1.97744826169465,NA,1.68956689816139,NA,NA,NA,NA,0.594243029754053,1.94093720821789,0,0,1,0,2,2,1,1,0,0
"821","899c",9,NA,NA,NA,NA,NA,NA,NA,NA,NA,0,1,1,1,8,2,5,2,1,3,0
"822","8a",2,NA,NA,2,NA,1,NA,NA,NA,NA,NA,2,3,0,1,0,2,2,1,1,1
"823","8b",7,1.92519053419312,NA,1,NA,NA,NA,NA,2.27227150790787,NA,NA,0,2,0,1,1,12,5,0,1,2
"824","9",9,1,NA,NA,NA,NA,NA,NA,NA,NA,2,0,5,3,4,1,2,6,1,1,0
"825","901",3,NA,1.34726507916768,0.875329184995456,2.20020756684832,NA,NA,NA,NA,1.62906124281448,NA,1,0,0,0,3,1,3,12,0,1
"826","9082",6,NA,NA,NA,NA,NA,NA,2,NA,NA,1,2,2,2,15,1,3,0,2,1,0
"827","9083",3,NA,NA,NA,2,NA,NA,NA,1,NA,NA,5,3,1,0,2,4,3,0,2,2
"828","9084",9,NA,NA,NA,NA,0.454768380389101,NA,NA,1,NA,2.36679116807829,3,2,3,2,0,4,2,0,5,0
"829","9085",4,1,NA,NA,NA,2,NA,NA,0.285515076617436,NA,NA,0,1,2,1,0,2,4,0,2,1
"830","9086",2,NA,1.03713158381116,2.30900094672466,1,1.74713972027659,NA,NA,1.27256600670497,NA,NA,1,0,0,0,0,1,1,0,1,3
"831","9088",6,1.45495532918506,NA,1.16634873996606,NA,NA,NA,2.37172404795206,NA,0.741253286923833,NA,0,2,0,1,2,1,0,1,0,5
"832","9090",5,1.40321114330258,NA,0.901064989975085,NA,1.1991877459308,3,NA,NA,NA,0.684652090129059,0,7,0,2,0,0,4,1,2,0
"833","9091",9,NA,NA,NA,NA,NA,NA,NA,NA,NA,0,1,1,2,2,3,4,1,3,1,0
"834","9092a",6,NA,0.698514513895971,NA,1.07746900507752,0.550036091900945,1.87284224827383,2.08148797758588,NA,1.14469118177932,1.72513196366743,2,0,1,0,0,0,0,2,0,0
"835","9093",2,NA,NA,2.35142831481851,NA,2.26898299014439,1.2527791780096,NA,NA,1.39708813201919,1.54528135296381,1,6,0,2,0,0,1,1,0,0
"836","9094a",4,NA,NA,NA,NA,2,NA,NA,1.12701081561737,NA,0.60241695847072,3,6,1,6,0,1,1,0,7,0
"837","9094b",1,NA,2.64847229323633,NA,NA,NA,1.75771697177493,1,NA,NA,1.66563355712306,1,0,2,3,2,0,0,2,3,0
"838","9095",0,2.08036655530887,NA,NA,1,NA,NA,NA,1.02718294320559,1.43271425823629,NA,0,5,1,0,1,2,3,0,0,1
"839","9096",8,NA,NA,NA,NA,NA,NA,NA,NA,0,NA,1,6,1,3,1,4,3,4,0,2
"840","9098",0,2.14251283638741,0.469487634968961,NA,1.76757730990023,NA,NA,NA,NA,1.52081090217134,NA,0,0,3,0,2,4,1,1,0,2
"841","9099b",7,NA,NA,NA,1.2589150797714,1.98965529961901,NA,NA,2.6808864996672,NA,0.307417563407922,1,4,2,0,0,2,1,0,5,0
"842","9102a",5,1.49364285477518,1.30125951185299,1.41613355594594,NA,NA,2,0.905130943369069,NA,NA,1.64587555671992,0,0,0,4,1,0,0,10,1,0
"843","9106",6,NA,NA,NA,1,NA,NA,2,NA,NA,NA,2,1,1,0,1,2,0,11,1,1
"844","9107a",4,NA,0.944835703548615,NA,1.26643892152704,1.7143899303673,NA,NA,NA,1.70848346742786,NA,1,0,1,0,0,1,10,1,0,1
"845","9107b",6,NA,NA,NA,0.254299653969206,NA,NA,2.65011166960925,1.82644026002502,1.17938801815702,NA,7,2,4,1,3,3,1,1,1,2
"846","9108",3,NA,NA,NA,2.13156768498181,NA,NA,NA,NA,2,0.127642339990546,5,14,3,0,6,2,1,2,0,0
"847","9109",3,NA,NA,NA,0,NA,NA,NA,NA,NA,NA,7,1,1,0,3,6,2,5,4,3
"848","9110a",0,2.0047325903657,NA,NA,2,0.765702117597954,1.50086175964701,1.48038731349555,NA,1.74188852325982,NA,0,1,1,0,0,0,0,7,0,12
"849","9110b",2,2,NA,2.0294653881197,NA,NA,0.657902694101828,NA,NA,NA,1.42121733766498,0,2,0,1,1,0,4,8,2,0
"850","9111",7,1.99860304183247,1,2.07368052554745,NA,NA,NA,0.833241301260518,2.30780955277916,NA,NA,0,0,0,1,4,6,0,0,11,1
"851","9112",0,2.42650816347303,NA,2.23434422846593,NA,1.90381597360053,1,NA,NA,NA,1.45285398764102,0,6,0,5,0,0,4,1,7,0
"852","913",1,NA,2,1,NA,NA,NA,NA,0.941604897724721,NA,NA,7,0,0,1,2,1,4,0,2,1
"853","914d",0,2.37845351455883,NA,1.16012927503443,1.74535978421632,NA,NA,NA,1.78286404449822,NA,NA,0,2,0,0,4,1,1,0,1,4
"854","9228",1,1.07752067703428,2.40269143490204,NA,NA,NA,NA,NA,NA,1,NA,0,0,6,1,1,1,1,4,0,1
"855","9230",0,1.9370982312788,1.65249284022841,1.73194203132907,NA,NA,NA,1.57748679519114,1.18964771584041,NA,NA,0,0,0,2,2,2,0,0,1,3
"856","9231",9,NA,NA,NA,NA,NA,0.266456962611519,NA,NA,1.94210169146146,2.00754130594475,1,2,4,3,5,0,7,4,0,0
"857","9232",8,1.22535932005622,NA,NA,1.06931535781471,NA,NA,NA,NA,1.75165643980838,NA,0,1,2,0,2,2,2,5,0,3
"858","927a",1,0.581687772328361,1.93483631333479,0.709031046968675,1.82868007778193,NA,1.86756986811194,1.57401022384024,NA,1.0016529487597,NA,0,0,0,0,3,0,0,1,0,3
"859","927c",1,NA,2,NA,NA,NA,NA,NA,1.97728368554171,0.463891131865835,NA,4,0,4,2,1,1,2,0,0,1
"860","927e",5,1.73436794333729,NA,NA,NA,1,2.29346513390836,NA,NA,1.51348877828396,NA,0,1,5,2,0,0,3,1,0,2
"861","93",7,NA,0.779498900936752,NA,NA,1,2.33212802502654,NA,2.36388498777429,1.2460837857869,NA,4,0,5,1,0,0,3,0,0,3
"862","930",4,NA,NA,NA,NA,2.13071840884761,NA,NA,1.29576272332362,NA,1,6,1,1,1,0,3,1,0,1,0
"863","931",4,2.06808415852641,1.04969099094966,NA,NA,2.29360236509301,NA,1,NA,NA,NA,0,0,1,4,0,2,0,9,6,2
"864","937",4,NA,NA,NA,NA,2,1.39187032003814,NA,1.29897590188869,NA,NA,3,1,1,9,0,0,1,0,3,1
"865","939",4,1.82361087660658,NA,NA,NA,2.101066091716,NA,NA,0.565081764535469,NA,0.723922157807086,0,1,1,1,0,7,1,0,3,0
"866","940",8,NA,1,NA,NA,NA,NA,NA,NA,2,NA,2,0,16,1,2,3,2,2,0,1
"867","945a",4,2,NA,NA,NA,2.14813269241721,NA,NA,NA,NA,1,0,2,9,1,0,8,2,5,1,0
"868","945b",0,2,1,NA,NA,NA,NA,NA,NA,NA,NA,0,0,1,1,7,5,2,10,3,7
"869","95",1,NA,2.52287320459512,2.26581440400221,NA,NA,1.88581565687085,0.921192270433165,NA,NA,NA,6,0,0,1,1,0,0,3,2,9
"870","958",4,NA,NA,1.96723296744615,NA,2,NA,NA,NA,1,NA,1,1,0,8,0,1,1,1,0,1
"871","971",6,1.65371332073877,NA,NA,1.77540940859678,NA,1.18578761907584,1.80636990443283,NA,NA,0.488227681504237,0,7,6,0,1,0,0,1,9,0
"872","973",4,NA,NA,NA,NA,2,NA,NA,1,NA,NA,11,3,1,1,0,4,14,0,2,5
"873","977",3,NA,NA,1,2,NA,NA,NA,NA,NA,NA,1,1,0,0,1,4,10,2,1,1
"874","979",0,2,NA,1.30563460880156,NA,NA,1.1141406947832,NA,1.50145361160327,NA,1.68511807439148,0,1,0,4,1,0,5,0,3,0
"875","985",7,NA,NA,NA,NA,NA,NA,NA,0,NA,NA,1,1,5,1,1,1,3,0,1,1
"876","990",4,NA,NA,NA,NA,2,NA,1,NA,NA,NA,1,2,5,1,0,1,0,3,1,3
